visit.id,layer,var,category,value,species,lifestage
1027,thalweg,length,reach,253.321,NA,NA
1027,thalweg,length,main,206.017,NA,NA
1027,nrei,area,reach,1410.84,steelhead,juvenile
1027,nrei,area,suitable,386.31,steelhead,juvenile
1027,nrei,area,best,384.22,steelhead,juvenile
1027,nrei,pred.fish,suitable,208,steelhead,juvenile
1027,nrei,pred.fish,best,247,steelhead,juvenile
1027,nrei,pred.fish,reach,455,steelhead,juvenile
1027,fuzzy,area,reach,1372.72,chinook,spawner
1027,fuzzy,area,suitable,865.61,chinook,spawner
1027,fuzzy,area,best,247.66,chinook,spawner
1027,fuzzy,pred.fish,suitable,19,chinook,spawner
1027,fuzzy,pred.fish,best,8,chinook,spawner
1027,fuzzy,pred.fish,reach,27,chinook,spawner
1027,fuzzy,area,reach,1372.72,steelhead,spawner
1027,fuzzy,area,suitable,789.04,steelhead,spawner
1027,fuzzy,area,best,247.66,steelhead,spawner
1027,fuzzy,pred.fish,suitable,25,steelhead,spawner
1027,fuzzy,pred.fish,best,11,steelhead,spawner
1027,fuzzy,pred.fish,reach,36,steelhead,spawner
1029,thalweg,length,reach,415.343,NA,NA
1029,thalweg,length,main,172.462,NA,NA
1029,nrei,area,reach,1173.84,steelhead,juvenile
1029,nrei,area,suitable,215.39,steelhead,juvenile
1029,nrei,area,best,215.28,steelhead,juvenile
1029,nrei,pred.fish,suitable,106,steelhead,juvenile
1029,nrei,pred.fish,best,135,steelhead,juvenile
1029,nrei,pred.fish,reach,241,steelhead,juvenile
1029,fuzzy,area,reach,1080.77,chinook,spawner
1029,fuzzy,area,suitable,578.06,chinook,spawner
1029,fuzzy,area,best,138.59,chinook,spawner
1029,fuzzy,pred.fish,suitable,13,chinook,spawner
1029,fuzzy,pred.fish,best,4,chinook,spawner
1029,fuzzy,pred.fish,reach,17,chinook,spawner
1029,fuzzy,area,reach,1080.77,steelhead,spawner
1029,fuzzy,area,suitable,578.06,steelhead,spawner
1029,fuzzy,area,best,138.59,steelhead,spawner
1029,fuzzy,pred.fish,suitable,18,steelhead,spawner
1029,fuzzy,pred.fish,best,6,steelhead,spawner
1029,fuzzy,pred.fish,reach,24,steelhead,spawner
1096,thalweg,length,reach,656.377,NA,NA
1096,thalweg,length,main,525.728,NA,NA
1096,nrei,area,reach,12603.48,steelhead,juvenile
1096,nrei,area,suitable,4201.36,steelhead,juvenile
1096,nrei,area,best,4104.56,steelhead,juvenile
1096,nrei,pred.fish,suitable,2153,steelhead,juvenile
1096,nrei,pred.fish,best,1665,steelhead,juvenile
1096,nrei,pred.fish,reach,3818,steelhead,juvenile
1096,fuzzy,area,reach,11512.29,chinook,spawner
1096,fuzzy,area,suitable,7249.63,chinook,spawner
1096,fuzzy,area,best,1037.45,chinook,spawner
1096,fuzzy,pred.fish,suitable,156,chinook,spawner
1096,fuzzy,pred.fish,best,35,chinook,spawner
1096,fuzzy,pred.fish,reach,191,chinook,spawner
1096,fuzzy,area,reach,11512.29,steelhead,spawner
1096,fuzzy,area,suitable,7249.63,steelhead,spawner
1096,fuzzy,area,best,1037.45,steelhead,spawner
1096,fuzzy,pred.fish,suitable,218,steelhead,spawner
1096,fuzzy,pred.fish,best,49,steelhead,spawner
1096,fuzzy,pred.fish,reach,267,steelhead,spawner
1164,thalweg,length,reach,182.522,NA,NA
1164,thalweg,length,main,119.191,NA,NA
1164,nrei,area,reach,425.36,steelhead,juvenile
1164,nrei,area,suitable,66.86,steelhead,juvenile
1164,nrei,area,best,66.57,steelhead,juvenile
1164,nrei,pred.fish,suitable,21,steelhead,juvenile
1164,nrei,pred.fish,best,54,steelhead,juvenile
1164,nrei,pred.fish,reach,75,steelhead,juvenile
1164,fuzzy,area,reach,NA,chinook,spawner
1164,fuzzy,area,suitable,NA,chinook,spawner
1164,fuzzy,pred.fish,suitable,NA,chinook,spawner
1164,fuzzy,pred.fish,reach,NA,chinook,spawner
1164,fuzzy,area,reach,NA,steelhead,spawner
1164,fuzzy,area,suitable,NA,steelhead,spawner
1164,fuzzy,pred.fish,suitable,NA,steelhead,spawner
1164,fuzzy,pred.fish,reach,NA,steelhead,spawner
1175,thalweg,length,reach,271.271,NA,NA
1175,thalweg,length,main,145.453,NA,NA
1175,nrei,area,reach,536.04,steelhead,juvenile
1175,nrei,area,suitable,58.49,steelhead,juvenile
1175,nrei,area,best,57.67,steelhead,juvenile
1175,nrei,pred.fish,suitable,13,steelhead,juvenile
1175,nrei,pred.fish,best,52,steelhead,juvenile
1175,nrei,pred.fish,reach,65,steelhead,juvenile
1175,fuzzy,area,reach,482.18,chinook,spawner
1175,fuzzy,area,suitable,217.6,chinook,spawner
1175,fuzzy,area,best,11.31,chinook,spawner
1175,fuzzy,pred.fish,suitable,4,chinook,spawner
1175,fuzzy,pred.fish,best,0,chinook,spawner
1175,fuzzy,pred.fish,reach,4,chinook,spawner
1175,fuzzy,area,reach,482.18,steelhead,spawner
1175,fuzzy,area,suitable,212.56,steelhead,spawner
1175,fuzzy,area,best,11.31,steelhead,spawner
1175,fuzzy,pred.fish,suitable,6,steelhead,spawner
1175,fuzzy,pred.fish,best,0,steelhead,spawner
1175,fuzzy,pred.fish,reach,6,steelhead,spawner
1448,thalweg,length,reach,583.198,NA,NA
1448,thalweg,length,main,275.214,NA,NA
1448,nrei,area,reach,2832.88,steelhead,juvenile
1448,nrei,area,suitable,649.84,steelhead,juvenile
1448,nrei,area,best,646.96,steelhead,juvenile
1448,nrei,pred.fish,suitable,387,steelhead,juvenile
1448,nrei,pred.fish,best,428,steelhead,juvenile
1448,nrei,pred.fish,reach,815,steelhead,juvenile
1448,fuzzy,area,reach,2681.99,chinook,spawner
1448,fuzzy,area,suitable,1387.92,chinook,spawner
1448,fuzzy,area,best,104.32,chinook,spawner
1448,fuzzy,pred.fish,suitable,29,chinook,spawner
1448,fuzzy,pred.fish,best,3,chinook,spawner
1448,fuzzy,pred.fish,reach,32,chinook,spawner
1448,fuzzy,area,reach,2681.99,steelhead,spawner
1448,fuzzy,area,suitable,1381.18,steelhead,spawner
1448,fuzzy,area,best,104.32,steelhead,spawner
1448,fuzzy,pred.fish,suitable,41,steelhead,spawner
1448,fuzzy,pred.fish,best,4,steelhead,spawner
1448,fuzzy,pred.fish,reach,45,steelhead,spawner
1486,thalweg,length,reach,358.31,NA,NA
1486,thalweg,length,main,282.086,NA,NA
1486,nrei,area,reach,3039.08,steelhead,juvenile
1486,nrei,area,suitable,537.8,steelhead,juvenile
1486,nrei,area,best,534.52,steelhead,juvenile
1486,nrei,pred.fish,suitable,470,steelhead,juvenile
1486,nrei,pred.fish,best,384,steelhead,juvenile
1486,nrei,pred.fish,reach,854,steelhead,juvenile
1486,fuzzy,area,reach,2901.83,chinook,spawner
1486,fuzzy,area,suitable,1011.52,chinook,spawner
1486,fuzzy,area,best,74.15,chinook,spawner
1486,fuzzy,pred.fish,suitable,19,chinook,spawner
1486,fuzzy,pred.fish,best,2,chinook,spawner
1486,fuzzy,pred.fish,reach,21,chinook,spawner
1486,fuzzy,area,reach,2901.83,steelhead,spawner
1486,fuzzy,area,suitable,591.48,steelhead,spawner
1486,fuzzy,area,best,74.15,steelhead,spawner
1486,fuzzy,pred.fish,suitable,17,steelhead,spawner
1486,fuzzy,pred.fish,best,3,steelhead,spawner
1486,fuzzy,pred.fish,reach,20,steelhead,spawner
1494,thalweg,length,reach,338.978,NA,NA
1494,thalweg,length,main,314.094,NA,NA
1494,nrei,area,reach,3864.72,steelhead,juvenile
1494,nrei,area,suitable,1089.8,steelhead,juvenile
1494,nrei,area,best,1087.44,steelhead,juvenile
1494,nrei,pred.fish,suitable,868,steelhead,juvenile
1494,nrei,pred.fish,best,737,steelhead,juvenile
1494,nrei,pred.fish,reach,1605,steelhead,juvenile
1494,fuzzy,area,reach,3765.19,chinook,spawner
1494,fuzzy,area,suitable,2439.42,chinook,spawner
1494,fuzzy,area,best,201.06,chinook,spawner
1494,fuzzy,pred.fish,suitable,53,chinook,spawner
1494,fuzzy,pred.fish,best,6,chinook,spawner
1494,fuzzy,pred.fish,reach,59,chinook,spawner
1494,fuzzy,area,reach,3765.19,steelhead,spawner
1494,fuzzy,area,suitable,2439.42,steelhead,spawner
1494,fuzzy,area,best,201.06,steelhead,spawner
1494,fuzzy,pred.fish,suitable,74,steelhead,spawner
1494,fuzzy,pred.fish,best,8,steelhead,spawner
1494,fuzzy,pred.fish,reach,82,steelhead,spawner
1521,thalweg,length,reach,806.149,NA,NA
1521,thalweg,length,main,608.973,NA,NA
1521,nrei,area,reach,15969.72,steelhead,juvenile
1521,nrei,area,suitable,3798.99,steelhead,juvenile
1521,nrei,area,best,3688.11,steelhead,juvenile
1521,nrei,pred.fish,suitable,3638,steelhead,juvenile
1521,nrei,pred.fish,best,2335,steelhead,juvenile
1521,nrei,pred.fish,reach,5973,steelhead,juvenile
1521,fuzzy,area,reach,NA,chinook,spawner
1521,fuzzy,area,suitable,NA,chinook,spawner
1521,fuzzy,pred.fish,suitable,NA,chinook,spawner
1521,fuzzy,pred.fish,reach,NA,chinook,spawner
1521,fuzzy,area,reach,NA,steelhead,spawner
1521,fuzzy,area,suitable,NA,steelhead,spawner
1521,fuzzy,pred.fish,suitable,NA,steelhead,spawner
1521,fuzzy,pred.fish,reach,NA,steelhead,spawner
1545,thalweg,length,reach,185.717,NA,NA
1545,thalweg,length,main,90.666,NA,NA
1545,nrei,area,reach,598.36,steelhead,juvenile
1545,nrei,area,suitable,24.91,steelhead,juvenile
1545,nrei,area,best,24.98,steelhead,juvenile
1545,nrei,pred.fish,suitable,23,steelhead,juvenile
1545,nrei,pred.fish,best,50,steelhead,juvenile
1545,nrei,pred.fish,reach,73,steelhead,juvenile
1545,fuzzy,area,reach,285.91,chinook,spawner
1545,fuzzy,area,suitable,143.34,chinook,spawner
1545,fuzzy,area,best,25.11,chinook,spawner
1545,fuzzy,pred.fish,suitable,3,chinook,spawner
1545,fuzzy,pred.fish,best,0,chinook,spawner
1545,fuzzy,pred.fish,reach,3,chinook,spawner
1545,fuzzy,area,reach,285.91,steelhead,spawner
1545,fuzzy,area,suitable,142.25,steelhead,spawner
1545,fuzzy,area,best,25.11,steelhead,spawner
1545,fuzzy,pred.fish,suitable,4,steelhead,spawner
1545,fuzzy,pred.fish,best,1,steelhead,spawner
1545,fuzzy,pred.fish,reach,5,steelhead,spawner
1549,thalweg,length,reach,140.145,NA,NA
1549,thalweg,length,main,116.766,NA,NA
1549,nrei,area,reach,244.88,steelhead,juvenile
1549,nrei,area,suitable,10.47,steelhead,juvenile
1549,nrei,area,best,10.44,steelhead,juvenile
1549,nrei,pred.fish,suitable,8,steelhead,juvenile
1549,nrei,pred.fish,best,15,steelhead,juvenile
1549,nrei,pred.fish,reach,23,steelhead,juvenile
1549,fuzzy,area,reach,223.98,chinook,spawner
1549,fuzzy,area,suitable,76.8,chinook,spawner
1549,fuzzy,area,best,0.6,chinook,spawner
1549,fuzzy,pred.fish,suitable,1,chinook,spawner
1549,fuzzy,pred.fish,best,0,chinook,spawner
1549,fuzzy,pred.fish,reach,1,chinook,spawner
1549,fuzzy,area,reach,223.98,steelhead,spawner
1549,fuzzy,area,suitable,76.82,steelhead,spawner
1549,fuzzy,area,best,0.6,steelhead,spawner
1549,fuzzy,pred.fish,suitable,2,steelhead,spawner
1549,fuzzy,pred.fish,best,0,steelhead,spawner
1549,fuzzy,pred.fish,reach,2,steelhead,spawner
157,thalweg,length,reach,140.83,NA,NA
157,thalweg,length,main,107.29,NA,NA
157,nrei,area,reach,205.36,steelhead,juvenile
157,nrei,area,suitable,14.47,steelhead,juvenile
157,nrei,area,best,14.43,steelhead,juvenile
157,nrei,pred.fish,suitable,11,steelhead,juvenile
157,nrei,pred.fish,best,22,steelhead,juvenile
157,nrei,pred.fish,reach,33,steelhead,juvenile
157,fuzzy,area,reach,NA,chinook,spawner
157,fuzzy,area,suitable,NA,chinook,spawner
157,fuzzy,pred.fish,suitable,NA,chinook,spawner
157,fuzzy,pred.fish,reach,NA,chinook,spawner
157,fuzzy,area,reach,NA,steelhead,spawner
157,fuzzy,area,suitable,NA,steelhead,spawner
157,fuzzy,pred.fish,suitable,NA,steelhead,spawner
157,fuzzy,pred.fish,reach,NA,steelhead,spawner
1587,thalweg,length,reach,309.541,NA,NA
1587,thalweg,length,main,244.454,NA,NA
1587,nrei,area,reach,2439.8,steelhead,juvenile
1587,nrei,area,suitable,707.92,steelhead,juvenile
1587,nrei,area,best,708.26,steelhead,juvenile
1587,nrei,pred.fish,suitable,486,steelhead,juvenile
1587,nrei,pred.fish,best,466,steelhead,juvenile
1587,nrei,pred.fish,reach,952,steelhead,juvenile
1587,fuzzy,area,reach,2363.31,chinook,spawner
1587,fuzzy,area,suitable,1642.26,chinook,spawner
1587,fuzzy,area,best,15.26,chinook,spawner
1587,fuzzy,pred.fish,suitable,31,chinook,spawner
1587,fuzzy,pred.fish,best,0,chinook,spawner
1587,fuzzy,pred.fish,reach,31,chinook,spawner
1587,fuzzy,area,reach,2363.31,steelhead,spawner
1587,fuzzy,area,suitable,1593.29,steelhead,spawner
1587,fuzzy,area,best,15.26,steelhead,spawner
1587,fuzzy,pred.fish,suitable,42,steelhead,spawner
1587,fuzzy,pred.fish,best,0,steelhead,spawner
1587,fuzzy,pred.fish,reach,42,steelhead,spawner
1596,thalweg,length,reach,712.671,NA,NA
1596,thalweg,length,main,294.721,NA,NA
1596,nrei,area,reach,5372.64,steelhead,juvenile
1596,nrei,area,suitable,880.88,steelhead,juvenile
1596,nrei,area,best,880.52,steelhead,juvenile
1596,nrei,pred.fish,suitable,722,steelhead,juvenile
1596,nrei,pred.fish,best,580,steelhead,juvenile
1596,nrei,pred.fish,reach,1302,steelhead,juvenile
1596,fuzzy,area,reach,4794.25,chinook,spawner
1596,fuzzy,area,suitable,406.48,chinook,spawner
1596,fuzzy,area,best,14.59,chinook,spawner
1596,fuzzy,pred.fish,suitable,8,chinook,spawner
1596,fuzzy,pred.fish,best,0,chinook,spawner
1596,fuzzy,pred.fish,reach,8,chinook,spawner
1596,fuzzy,area,reach,4794.25,steelhead,spawner
1596,fuzzy,area,suitable,384.22,steelhead,spawner
1596,fuzzy,area,best,14.59,steelhead,spawner
1596,fuzzy,pred.fish,suitable,11,steelhead,spawner
1596,fuzzy,pred.fish,best,0,steelhead,spawner
1596,fuzzy,pred.fish,reach,11,steelhead,spawner
1602,thalweg,length,reach,599.198,NA,NA
1602,thalweg,length,main,359.281,NA,NA
1602,nrei,area,reach,5334.2,steelhead,juvenile
1602,nrei,area,suitable,1179.4,steelhead,juvenile
1602,nrei,area,best,1176.76,steelhead,juvenile
1602,nrei,pred.fish,suitable,928,steelhead,juvenile
1602,nrei,pred.fish,best,749,steelhead,juvenile
1602,nrei,pred.fish,reach,1677,steelhead,juvenile
1602,fuzzy,area,reach,5187.37,chinook,spawner
1602,fuzzy,area,suitable,2290.03,chinook,spawner
1602,fuzzy,area,best,968.82,chinook,spawner
1602,fuzzy,pred.fish,suitable,52,chinook,spawner
1602,fuzzy,pred.fish,best,31,chinook,spawner
1602,fuzzy,pred.fish,reach,83,chinook,spawner
1602,fuzzy,area,reach,5187.37,steelhead,spawner
1602,fuzzy,area,suitable,2306.36,steelhead,spawner
1602,fuzzy,area,best,968.82,steelhead,spawner
1602,fuzzy,pred.fish,suitable,72,steelhead,spawner
1602,fuzzy,pred.fish,best,44,steelhead,spawner
1602,fuzzy,pred.fish,reach,116,steelhead,spawner
1621,thalweg,length,reach,136.468,NA,NA
1621,thalweg,length,main,115.02,NA,NA
1621,nrei,area,reach,365.96,steelhead,juvenile
1621,nrei,area,suitable,101.77,steelhead,juvenile
1621,nrei,area,best,100.82,steelhead,juvenile
1621,nrei,pred.fish,suitable,37,steelhead,juvenile
1621,nrei,pred.fish,best,68,steelhead,juvenile
1621,nrei,pred.fish,reach,105,steelhead,juvenile
1621,fuzzy,area,reach,349.35,chinook,spawner
1621,fuzzy,area,suitable,71.65,chinook,spawner
1621,fuzzy,area,best,5.6,chinook,spawner
1621,fuzzy,pred.fish,suitable,1,chinook,spawner
1621,fuzzy,pred.fish,best,0,chinook,spawner
1621,fuzzy,pred.fish,reach,1,chinook,spawner
1621,fuzzy,area,reach,349.35,steelhead,spawner
1621,fuzzy,area,suitable,71.65,steelhead,spawner
1621,fuzzy,area,best,5.6,steelhead,spawner
1621,fuzzy,pred.fish,suitable,2,steelhead,spawner
1621,fuzzy,pred.fish,best,0,steelhead,spawner
1621,fuzzy,pred.fish,reach,2,steelhead,spawner
1735,thalweg,length,reach,464.418,NA,NA
1735,thalweg,length,main,203.642,NA,NA
1735,nrei,area,reach,1430.08,steelhead,juvenile
1735,nrei,area,suitable,277.41,steelhead,juvenile
1735,nrei,area,best,271.26,steelhead,juvenile
1735,nrei,pred.fish,suitable,123,steelhead,juvenile
1735,nrei,pred.fish,best,176,steelhead,juvenile
1735,nrei,pred.fish,reach,299,steelhead,juvenile
1735,fuzzy,area,reach,1139.7,chinook,spawner
1735,fuzzy,area,suitable,326.51,chinook,spawner
1735,fuzzy,area,best,269.52,chinook,spawner
1735,fuzzy,pred.fish,suitable,7,chinook,spawner
1735,fuzzy,pred.fish,best,10,chinook,spawner
1735,fuzzy,pred.fish,reach,17,chinook,spawner
1735,fuzzy,area,reach,1139.7,steelhead,spawner
1735,fuzzy,area,suitable,325.47,steelhead,spawner
1735,fuzzy,area,best,269.52,steelhead,spawner
1735,fuzzy,pred.fish,suitable,10,steelhead,spawner
1735,fuzzy,pred.fish,best,12,steelhead,spawner
1735,fuzzy,pred.fish,reach,22,steelhead,spawner
1783,thalweg,length,reach,441.495,NA,NA
1783,thalweg,length,main,311.144,NA,NA
1783,nrei,area,reach,7746.84,steelhead,juvenile
1783,nrei,area,suitable,2584.4,steelhead,juvenile
1783,nrei,area,best,2585.12,steelhead,juvenile
1783,nrei,pred.fish,suitable,2096,steelhead,juvenile
1783,nrei,pred.fish,best,1390,steelhead,juvenile
1783,nrei,pred.fish,reach,3486,steelhead,juvenile
1783,fuzzy,area,reach,7634.85,chinook,spawner
1783,fuzzy,area,suitable,1489.45,chinook,spawner
1783,fuzzy,area,best,0,chinook,spawner
1783,fuzzy,pred.fish,suitable,26,chinook,spawner
1783,fuzzy,pred.fish,best,0,chinook,spawner
1783,fuzzy,pred.fish,reach,26,chinook,spawner
1783,fuzzy,area,reach,7634.85,steelhead,spawner
1783,fuzzy,area,suitable,1263.2,steelhead,spawner
1783,fuzzy,area,best,0,steelhead,spawner
1783,fuzzy,pred.fish,suitable,29,steelhead,spawner
1783,fuzzy,pred.fish,best,0,steelhead,spawner
1783,fuzzy,pred.fish,reach,29,steelhead,spawner
1793,thalweg,length,reach,534.995,NA,NA
1793,thalweg,length,main,316.598,NA,NA
1793,nrei,area,reach,8805.48,steelhead,juvenile
1793,nrei,area,suitable,3634.84,steelhead,juvenile
1793,nrei,area,best,3638.72,steelhead,juvenile
1793,nrei,pred.fish,suitable,2422,steelhead,juvenile
1793,nrei,pred.fish,best,2087,steelhead,juvenile
1793,nrei,pred.fish,reach,4509,steelhead,juvenile
1793,fuzzy,area,reach,8727.95,chinook,spawner
1793,fuzzy,area,suitable,NA,chinook,spawner
1793,fuzzy,pred.fish,suitable,NA,chinook,spawner
1793,fuzzy,pred.fish,reach,NA,chinook,spawner
1793,fuzzy,area,reach,8727.95,steelhead,spawner
1793,fuzzy,area,suitable,NA,steelhead,spawner
1793,fuzzy,pred.fish,suitable,NA,steelhead,spawner
1793,fuzzy,pred.fish,reach,NA,steelhead,spawner
1846,thalweg,length,reach,NA,NA,NA
1846,thalweg,length,main,NA,NA,NA
1846,nrei,area,reach,NA,steelhead,juvenile
1846,nrei,area,suitable,NA,steelhead,juvenile
1846,nrei,pred.fish,suitable,NA,steelhead,juvenile
1846,nrei,pred.fish,reach,NA,steelhead,juvenile
1846,fuzzy,area,reach,NA,chinook,spawner
1846,fuzzy,area,suitable,NA,chinook,spawner
1846,fuzzy,pred.fish,suitable,NA,chinook,spawner
1846,fuzzy,pred.fish,reach,NA,chinook,spawner
1846,fuzzy,area,reach,NA,steelhead,spawner
1846,fuzzy,area,suitable,NA,steelhead,spawner
1846,fuzzy,pred.fish,suitable,NA,steelhead,spawner
1846,fuzzy,pred.fish,reach,NA,steelhead,spawner
1967,thalweg,length,reach,272.688,NA,NA
1967,thalweg,length,main,177.343,NA,NA
1967,nrei,area,reach,792.24,steelhead,juvenile
1967,nrei,area,suitable,251.5,steelhead,juvenile
1967,nrei,area,best,251.49,steelhead,juvenile
1967,nrei,pred.fish,suitable,84,steelhead,juvenile
1967,nrei,pred.fish,best,136,steelhead,juvenile
1967,nrei,pred.fish,reach,220,steelhead,juvenile
1967,fuzzy,area,reach,716.94,chinook,spawner
1967,fuzzy,area,suitable,197.33,chinook,spawner
1967,fuzzy,area,best,24.71,chinook,spawner
1967,fuzzy,pred.fish,suitable,4,chinook,spawner
1967,fuzzy,pred.fish,best,0,chinook,spawner
1967,fuzzy,pred.fish,reach,4,chinook,spawner
1967,fuzzy,area,reach,716.94,steelhead,spawner
1967,fuzzy,area,suitable,197.33,steelhead,spawner
1967,fuzzy,area,best,24.71,steelhead,spawner
1967,fuzzy,pred.fish,suitable,6,steelhead,spawner
1967,fuzzy,pred.fish,best,1,steelhead,spawner
1967,fuzzy,pred.fish,reach,7,steelhead,spawner
197,thalweg,length,reach,319.038,NA,NA
197,thalweg,length,main,132.79,NA,NA
197,nrei,area,reach,713.8,steelhead,juvenile
197,nrei,area,suitable,204.87,steelhead,juvenile
197,nrei,area,best,198.21,steelhead,juvenile
197,nrei,pred.fish,suitable,79,steelhead,juvenile
197,nrei,pred.fish,best,147,steelhead,juvenile
197,nrei,pred.fish,reach,226,steelhead,juvenile
197,fuzzy,area,reach,NA,chinook,spawner
197,fuzzy,area,suitable,NA,chinook,spawner
197,fuzzy,pred.fish,suitable,NA,chinook,spawner
197,fuzzy,pred.fish,reach,NA,chinook,spawner
197,fuzzy,area,reach,NA,steelhead,spawner
197,fuzzy,area,suitable,NA,steelhead,spawner
197,fuzzy,pred.fish,suitable,NA,steelhead,spawner
197,fuzzy,pred.fish,reach,NA,steelhead,spawner
1971,thalweg,length,reach,643.957,NA,NA
1971,thalweg,length,main,198.761,NA,NA
1971,nrei,area,reach,1569,steelhead,juvenile
1971,nrei,area,suitable,241.4,steelhead,juvenile
1971,nrei,area,best,240.79,steelhead,juvenile
1971,nrei,pred.fish,suitable,66,steelhead,juvenile
1971,nrei,pred.fish,best,139,steelhead,juvenile
1971,nrei,pred.fish,reach,205,steelhead,juvenile
1971,fuzzy,area,reach,1330.92,chinook,spawner
1971,fuzzy,area,suitable,46.96,chinook,spawner
1971,fuzzy,area,best,2.56,chinook,spawner
1971,fuzzy,pred.fish,suitable,NA,chinook,spawner
1971,fuzzy,pred.fish,reach,NA,chinook,spawner
1971,fuzzy,area,reach,1330.92,steelhead,spawner
1971,fuzzy,area,suitable,46.96,steelhead,spawner
1971,fuzzy,area,best,2.56,steelhead,spawner
1971,fuzzy,pred.fish,suitable,1,steelhead,spawner
1971,fuzzy,pred.fish,best,0,steelhead,spawner
1971,fuzzy,pred.fish,reach,1,steelhead,spawner
2014,thalweg,length,reach,252.455,NA,NA
2014,thalweg,length,main,165.493,NA,NA
2014,nrei,area,reach,633.24,steelhead,juvenile
2014,nrei,area,suitable,120.65,steelhead,juvenile
2014,nrei,area,best,118.97,steelhead,juvenile
2014,nrei,pred.fish,suitable,62,steelhead,juvenile
2014,nrei,pred.fish,best,112,steelhead,juvenile
2014,nrei,pred.fish,reach,174,steelhead,juvenile
2014,fuzzy,area,reach,235.55,chinook,spawner
2014,fuzzy,area,suitable,100.72,chinook,spawner
2014,fuzzy,area,best,48.36,chinook,spawner
2014,fuzzy,pred.fish,suitable,2,chinook,spawner
2014,fuzzy,pred.fish,best,1,chinook,spawner
2014,fuzzy,pred.fish,reach,3,chinook,spawner
2014,fuzzy,area,reach,235.55,steelhead,spawner
2014,fuzzy,area,suitable,100.72,steelhead,spawner
2014,fuzzy,area,best,48.36,steelhead,spawner
2014,fuzzy,pred.fish,suitable,3,steelhead,spawner
2014,fuzzy,pred.fish,best,2,steelhead,spawner
2014,fuzzy,pred.fish,reach,5,steelhead,spawner
2019,thalweg,length,reach,679.143,NA,NA
2019,thalweg,length,main,334.696,NA,NA
2019,nrei,area,reach,3969.52,steelhead,juvenile
2019,nrei,area,suitable,1090.46,steelhead,juvenile
2019,nrei,area,best,1086.01,steelhead,juvenile
2019,nrei,pred.fish,suitable,511,steelhead,juvenile
2019,nrei,pred.fish,best,596,steelhead,juvenile
2019,nrei,pred.fish,reach,1107,steelhead,juvenile
2019,fuzzy,area,reach,3672.19,chinook,spawner
2019,fuzzy,area,suitable,1429,chinook,spawner
2019,fuzzy,area,best,69.12,chinook,spawner
2019,fuzzy,pred.fish,suitable,27,chinook,spawner
2019,fuzzy,pred.fish,best,2,chinook,spawner
2019,fuzzy,pred.fish,reach,29,chinook,spawner
2019,fuzzy,area,reach,3672.19,steelhead,spawner
2019,fuzzy,area,suitable,1266.52,steelhead,spawner
2019,fuzzy,area,best,69.12,steelhead,spawner
2019,fuzzy,pred.fish,suitable,33,steelhead,spawner
2019,fuzzy,pred.fish,best,3,steelhead,spawner
2019,fuzzy,pred.fish,reach,36,steelhead,spawner
2021,thalweg,length,reach,194.872,NA,NA
2021,thalweg,length,main,167.359,NA,NA
2021,nrei,area,reach,1049.8,steelhead,juvenile
2021,nrei,area,suitable,220.47,steelhead,juvenile
2021,nrei,area,best,212.09,steelhead,juvenile
2021,nrei,pred.fish,suitable,136,steelhead,juvenile
2021,nrei,pred.fish,best,166,steelhead,juvenile
2021,nrei,pred.fish,reach,302,steelhead,juvenile
2021,fuzzy,area,reach,974.06,chinook,spawner
2021,fuzzy,area,suitable,400.4,chinook,spawner
2021,fuzzy,area,best,66.54,chinook,spawner
2021,fuzzy,pred.fish,suitable,8,chinook,spawner
2021,fuzzy,pred.fish,best,2,chinook,spawner
2021,fuzzy,pred.fish,reach,10,chinook,spawner
2021,fuzzy,area,reach,974.06,steelhead,spawner
2021,fuzzy,area,suitable,400.4,steelhead,spawner
2021,fuzzy,area,best,66.54,steelhead,spawner
2021,fuzzy,pred.fish,suitable,12,steelhead,spawner
2021,fuzzy,pred.fish,best,2,steelhead,spawner
2021,fuzzy,pred.fish,reach,14,steelhead,spawner
2026,thalweg,length,reach,788.423,NA,NA
2026,thalweg,length,main,451.714,NA,NA
2026,nrei,area,reach,4358.08,steelhead,juvenile
2026,nrei,area,suitable,1046.48,steelhead,juvenile
2026,nrei,area,best,1039.12,steelhead,juvenile
2026,nrei,pred.fish,suitable,410,steelhead,juvenile
2026,nrei,pred.fish,best,407,steelhead,juvenile
2026,nrei,pred.fish,reach,817,steelhead,juvenile
2026,fuzzy,area,reach,4106.56,chinook,spawner
2026,fuzzy,area,suitable,1210.83,chinook,spawner
2026,fuzzy,area,best,1.37,chinook,spawner
2026,fuzzy,pred.fish,suitable,22,chinook,spawner
2026,fuzzy,pred.fish,best,0,chinook,spawner
2026,fuzzy,pred.fish,reach,22,chinook,spawner
2026,fuzzy,area,reach,4106.56,steelhead,spawner
2026,fuzzy,area,suitable,1111.56,steelhead,spawner
2026,fuzzy,area,best,1.37,steelhead,spawner
2026,fuzzy,pred.fish,suitable,28,steelhead,spawner
2026,fuzzy,pred.fish,best,0,steelhead,spawner
2026,fuzzy,pred.fish,reach,28,steelhead,spawner
2027,thalweg,length,reach,942.164,NA,NA
2027,thalweg,length,main,621.688,NA,NA
2027,nrei,area,reach,9917.36,steelhead,juvenile
2027,nrei,area,suitable,2800.08,steelhead,juvenile
2027,nrei,area,best,2796.16,steelhead,juvenile
2027,nrei,pred.fish,suitable,1056,steelhead,juvenile
2027,nrei,pred.fish,best,1096,steelhead,juvenile
2027,nrei,pred.fish,reach,2152,steelhead,juvenile
2027,fuzzy,area,reach,9368.63,chinook,spawner
2027,fuzzy,area,suitable,2414.34,chinook,spawner
2027,fuzzy,area,best,42.42,chinook,spawner
2027,fuzzy,pred.fish,suitable,45,chinook,spawner
2027,fuzzy,pred.fish,best,1,chinook,spawner
2027,fuzzy,pred.fish,reach,46,chinook,spawner
2027,fuzzy,area,reach,9368.63,steelhead,spawner
2027,fuzzy,area,suitable,2414.34,steelhead,spawner
2027,fuzzy,area,best,42.42,steelhead,spawner
2027,fuzzy,pred.fish,suitable,63,steelhead,spawner
2027,fuzzy,pred.fish,best,1,steelhead,spawner
2027,fuzzy,pred.fish,reach,64,steelhead,spawner
2028,thalweg,length,reach,452.346,NA,NA
2028,thalweg,length,main,369.954,NA,NA
2028,nrei,area,reach,4475.36,steelhead,juvenile
2028,nrei,area,suitable,1367.18,steelhead,juvenile
2028,nrei,area,best,1368.26,steelhead,juvenile
2028,nrei,pred.fish,suitable,387,steelhead,juvenile
2028,nrei,pred.fish,best,660,steelhead,juvenile
2028,nrei,pred.fish,reach,1047,steelhead,juvenile
2028,fuzzy,area,reach,3042.26,chinook,spawner
2028,fuzzy,area,suitable,992.72,chinook,spawner
2028,fuzzy,area,best,0,chinook,spawner
2028,fuzzy,pred.fish,suitable,18,chinook,spawner
2028,fuzzy,pred.fish,best,0,chinook,spawner
2028,fuzzy,pred.fish,reach,18,chinook,spawner
2028,fuzzy,area,reach,3042.26,steelhead,spawner
2028,fuzzy,area,suitable,992.72,steelhead,spawner
2028,fuzzy,area,best,0,steelhead,spawner
2028,fuzzy,pred.fish,suitable,26,steelhead,spawner
2028,fuzzy,pred.fish,best,0,steelhead,spawner
2028,fuzzy,pred.fish,reach,26,steelhead,spawner
2051,thalweg,length,reach,252.86,NA,NA
2051,thalweg,length,main,148.753,NA,NA
2051,nrei,area,reach,796.96,steelhead,juvenile
2051,nrei,area,suitable,198.84,steelhead,juvenile
2051,nrei,area,best,191.36,steelhead,juvenile
2051,nrei,pred.fish,suitable,101,steelhead,juvenile
2051,nrei,pred.fish,best,124,steelhead,juvenile
2051,nrei,pred.fish,reach,225,steelhead,juvenile
2051,fuzzy,area,reach,765.59,chinook,spawner
2051,fuzzy,area,suitable,281.55,chinook,spawner
2051,fuzzy,area,best,76.1,chinook,spawner
2051,fuzzy,pred.fish,suitable,6,chinook,spawner
2051,fuzzy,pred.fish,best,2,chinook,spawner
2051,fuzzy,pred.fish,reach,8,chinook,spawner
2051,fuzzy,area,reach,765.59,steelhead,spawner
2051,fuzzy,area,suitable,281.55,steelhead,spawner
2051,fuzzy,area,best,76.1,steelhead,spawner
2051,fuzzy,pred.fish,suitable,9,steelhead,spawner
2051,fuzzy,pred.fish,best,3,steelhead,spawner
2051,fuzzy,pred.fish,reach,12,steelhead,spawner
2056,thalweg,length,reach,403.045,NA,NA
2056,thalweg,length,main,285.001,NA,NA
2056,nrei,area,reach,2959.48,steelhead,juvenile
2056,nrei,area,suitable,876.22,steelhead,juvenile
2056,nrei,area,best,876.4,steelhead,juvenile
2056,nrei,pred.fish,suitable,279,steelhead,juvenile
2056,nrei,pred.fish,best,380,steelhead,juvenile
2056,nrei,pred.fish,reach,659,steelhead,juvenile
2056,fuzzy,area,reach,2900.4,chinook,spawner
2056,fuzzy,area,suitable,2.09,chinook,spawner
2056,fuzzy,area,best,0,chinook,spawner
2056,fuzzy,pred.fish,suitable,NA,chinook,spawner
2056,fuzzy,pred.fish,reach,NA,chinook,spawner
2056,fuzzy,area,reach,2900.4,steelhead,spawner
2056,fuzzy,area,suitable,2.09,steelhead,spawner
2056,fuzzy,area,best,0,steelhead,spawner
2056,fuzzy,pred.fish,suitable,NA,steelhead,spawner
2056,fuzzy,pred.fish,reach,NA,steelhead,spawner
2060,thalweg,length,reach,384.562,NA,NA
2060,thalweg,length,main,384.562,NA,NA
2060,nrei,area,reach,6711.76,steelhead,juvenile
2060,nrei,area,suitable,1516.64,steelhead,juvenile
2060,nrei,area,best,1516.88,steelhead,juvenile
2060,nrei,pred.fish,suitable,1287,steelhead,juvenile
2060,nrei,pred.fish,best,833,steelhead,juvenile
2060,nrei,pred.fish,reach,2120,steelhead,juvenile
2060,fuzzy,area,reach,6539.28,chinook,spawner
2060,fuzzy,area,suitable,NA,chinook,spawner
2060,fuzzy,pred.fish,suitable,NA,chinook,spawner
2060,fuzzy,pred.fish,reach,NA,chinook,spawner
2060,fuzzy,area,reach,6539.28,steelhead,spawner
2060,fuzzy,area,suitable,NA,steelhead,spawner
2060,fuzzy,pred.fish,suitable,NA,steelhead,spawner
2060,fuzzy,pred.fish,reach,NA,steelhead,spawner
2061,thalweg,length,reach,340.441,NA,NA
2061,thalweg,length,main,185.602,NA,NA
2061,nrei,area,reach,1857.44,steelhead,juvenile
2061,nrei,area,suitable,536.84,steelhead,juvenile
2061,nrei,area,best,482.24,steelhead,juvenile
2061,nrei,pred.fish,suitable,288,steelhead,juvenile
2061,nrei,pred.fish,best,343,steelhead,juvenile
2061,nrei,pred.fish,reach,631,steelhead,juvenile
2061,fuzzy,area,reach,1803.37,chinook,spawner
2061,fuzzy,area,suitable,589.66,chinook,spawner
2061,fuzzy,area,best,65.11,chinook,spawner
2061,fuzzy,pred.fish,suitable,13,chinook,spawner
2061,fuzzy,pred.fish,best,2,chinook,spawner
2061,fuzzy,pred.fish,reach,15,chinook,spawner
2061,fuzzy,area,reach,1803.37,steelhead,spawner
2061,fuzzy,area,suitable,589.66,steelhead,spawner
2061,fuzzy,area,best,65.11,steelhead,spawner
2061,fuzzy,pred.fish,suitable,19,steelhead,spawner
2061,fuzzy,pred.fish,best,2,steelhead,spawner
2061,fuzzy,pred.fish,reach,21,steelhead,spawner
2065,thalweg,length,reach,299.993,NA,NA
2065,thalweg,length,main,217.673,NA,NA
2065,nrei,area,reach,1696.92,steelhead,juvenile
2065,nrei,area,suitable,436.85,steelhead,juvenile
2065,nrei,area,best,423.62,steelhead,juvenile
2065,nrei,pred.fish,suitable,199,steelhead,juvenile
2065,nrei,pred.fish,best,291,steelhead,juvenile
2065,nrei,pred.fish,reach,490,steelhead,juvenile
2065,fuzzy,area,reach,1647.39,chinook,spawner
2065,fuzzy,area,suitable,220.32,chinook,spawner
2065,fuzzy,area,best,0,chinook,spawner
2065,fuzzy,pred.fish,suitable,3,chinook,spawner
2065,fuzzy,pred.fish,best,0,chinook,spawner
2065,fuzzy,pred.fish,reach,3,chinook,spawner
2065,fuzzy,area,reach,1647.39,steelhead,spawner
2065,fuzzy,area,suitable,227.81,steelhead,spawner
2065,fuzzy,area,best,0,steelhead,spawner
2065,fuzzy,pred.fish,suitable,5,steelhead,spawner
2065,fuzzy,pred.fish,best,0,steelhead,spawner
2065,fuzzy,pred.fish,reach,5,steelhead,spawner
2133,thalweg,length,reach,132.135,NA,NA
2133,thalweg,length,main,124.525,NA,NA
2133,nrei,area,reach,261,steelhead,juvenile
2133,nrei,area,suitable,22.89,steelhead,juvenile
2133,nrei,area,best,22.82,steelhead,juvenile
2133,nrei,pred.fish,suitable,2,steelhead,juvenile
2133,nrei,pred.fish,best,21,steelhead,juvenile
2133,nrei,pred.fish,reach,23,steelhead,juvenile
2133,fuzzy,area,reach,239.23,chinook,spawner
2133,fuzzy,area,suitable,88.8,chinook,spawner
2133,fuzzy,area,best,3.48,chinook,spawner
2133,fuzzy,pred.fish,suitable,1,chinook,spawner
2133,fuzzy,pred.fish,best,0,chinook,spawner
2133,fuzzy,pred.fish,reach,1,chinook,spawner
2133,fuzzy,area,reach,239.23,steelhead,spawner
2133,fuzzy,area,suitable,88.69,steelhead,spawner
2133,fuzzy,area,best,3.48,steelhead,spawner
2133,fuzzy,pred.fish,suitable,2,steelhead,spawner
2133,fuzzy,pred.fish,best,0,steelhead,spawner
2133,fuzzy,pred.fish,reach,2,steelhead,spawner
2140,thalweg,length,reach,1127.997,NA,NA
2140,thalweg,length,main,377.333,NA,NA
2140,nrei,area,reach,3654.48,steelhead,juvenile
2140,nrei,area,suitable,194.52,steelhead,juvenile
2140,nrei,area,best,194.52,steelhead,juvenile
2140,nrei,pred.fish,suitable,174,steelhead,juvenile
2140,nrei,pred.fish,best,274,steelhead,juvenile
2140,nrei,pred.fish,reach,448,steelhead,juvenile
2140,fuzzy,area,reach,3370.26,chinook,spawner
2140,fuzzy,area,suitable,949.4,chinook,spawner
2140,fuzzy,area,best,13.04,chinook,spawner
2140,fuzzy,pred.fish,suitable,18,chinook,spawner
2140,fuzzy,pred.fish,best,0,chinook,spawner
2140,fuzzy,pred.fish,reach,18,chinook,spawner
2140,fuzzy,area,reach,3370.26,steelhead,spawner
2140,fuzzy,area,suitable,951,steelhead,spawner
2140,fuzzy,area,best,13.04,steelhead,spawner
2140,fuzzy,pred.fish,suitable,26,steelhead,spawner
2140,fuzzy,pred.fish,best,0,steelhead,spawner
2140,fuzzy,pred.fish,reach,26,steelhead,spawner
2141,thalweg,length,reach,179.258,NA,NA
2141,thalweg,length,main,126.305,NA,NA
2141,nrei,area,reach,408.04,steelhead,juvenile
2141,nrei,area,suitable,2.53,steelhead,juvenile
2141,nrei,area,best,2.52,steelhead,juvenile
2141,nrei,pred.fish,suitable,1,steelhead,juvenile
2141,nrei,pred.fish,best,6,steelhead,juvenile
2141,nrei,pred.fish,reach,7,steelhead,juvenile
2141,fuzzy,area,reach,385.79,chinook,spawner
2141,fuzzy,area,suitable,45.08,chinook,spawner
2141,fuzzy,area,best,11.36,chinook,spawner
2141,fuzzy,pred.fish,suitable,NA,chinook,spawner
2141,fuzzy,pred.fish,reach,NA,chinook,spawner
2141,fuzzy,area,reach,385.79,steelhead,spawner
2141,fuzzy,area,suitable,41.8,steelhead,spawner
2141,fuzzy,area,best,11.36,steelhead,spawner
2141,fuzzy,pred.fish,suitable,1,steelhead,spawner
2141,fuzzy,pred.fish,best,0,steelhead,spawner
2141,fuzzy,pred.fish,reach,1,steelhead,spawner
2145,thalweg,length,reach,301.23,NA,NA
2145,thalweg,length,main,203.71,NA,NA
2145,nrei,area,reach,1022.56,steelhead,juvenile
2145,nrei,area,suitable,163.46,steelhead,juvenile
2145,nrei,area,best,161.59,steelhead,juvenile
2145,nrei,pred.fish,suitable,116,steelhead,juvenile
2145,nrei,pred.fish,best,180,steelhead,juvenile
2145,nrei,pred.fish,reach,296,steelhead,juvenile
2145,fuzzy,area,reach,980.65,chinook,spawner
2145,fuzzy,area,suitable,210,chinook,spawner
2145,fuzzy,area,best,127.11,chinook,spawner
2145,fuzzy,pred.fish,suitable,4,chinook,spawner
2145,fuzzy,pred.fish,best,4,chinook,spawner
2145,fuzzy,pred.fish,reach,8,chinook,spawner
2145,fuzzy,area,reach,980.65,steelhead,spawner
2145,fuzzy,area,suitable,205.91,steelhead,spawner
2145,fuzzy,area,best,127.11,steelhead,spawner
2145,fuzzy,pred.fish,suitable,6,steelhead,spawner
2145,fuzzy,pred.fish,best,5,steelhead,spawner
2145,fuzzy,pred.fish,reach,11,steelhead,spawner
2153,thalweg,length,reach,464.737,NA,NA
2153,thalweg,length,main,426.2,NA,NA
2153,nrei,area,reach,7189.6,steelhead,juvenile
2153,nrei,area,suitable,407.35,steelhead,juvenile
2153,nrei,area,best,407.34,steelhead,juvenile
2153,nrei,pred.fish,suitable,1299,steelhead,juvenile
2153,nrei,pred.fish,best,1007,steelhead,juvenile
2153,nrei,pred.fish,reach,2306,steelhead,juvenile
2153,fuzzy,area,reach,7037.99,chinook,spawner
2153,fuzzy,area,suitable,NA,chinook,spawner
2153,fuzzy,pred.fish,suitable,NA,chinook,spawner
2153,fuzzy,pred.fish,reach,NA,chinook,spawner
2153,fuzzy,area,reach,7037.99,steelhead,spawner
2153,fuzzy,area,suitable,NA,steelhead,spawner
2153,fuzzy,pred.fish,suitable,NA,steelhead,spawner
2153,fuzzy,pred.fish,reach,NA,steelhead,spawner
22,thalweg,length,reach,227.972,NA,NA
22,thalweg,length,main,121.403,NA,NA
22,nrei,area,reach,451.24,steelhead,juvenile
22,nrei,area,suitable,43.71,steelhead,juvenile
22,nrei,area,best,43.25,steelhead,juvenile
22,nrei,pred.fish,suitable,29,steelhead,juvenile
22,nrei,pred.fish,best,58,steelhead,juvenile
22,nrei,pred.fish,reach,87,steelhead,juvenile
22,fuzzy,area,reach,NA,chinook,spawner
22,fuzzy,area,suitable,NA,chinook,spawner
22,fuzzy,pred.fish,suitable,NA,chinook,spawner
22,fuzzy,pred.fish,reach,NA,chinook,spawner
22,fuzzy,area,reach,NA,steelhead,spawner
22,fuzzy,area,suitable,NA,steelhead,spawner
22,fuzzy,pred.fish,suitable,NA,steelhead,spawner
22,fuzzy,pred.fish,reach,NA,steelhead,spawner
2205,thalweg,length,reach,191.205,NA,NA
2205,thalweg,length,main,121.743,NA,NA
2205,nrei,area,reach,335.84,steelhead,juvenile
2205,nrei,area,suitable,52.76,steelhead,juvenile
2205,nrei,area,best,52.12,steelhead,juvenile
2205,nrei,pred.fish,suitable,19,steelhead,juvenile
2205,nrei,pred.fish,best,45,steelhead,juvenile
2205,nrei,pred.fish,reach,64,steelhead,juvenile
2205,fuzzy,area,reach,308.8,chinook,spawner
2205,fuzzy,area,suitable,187.15,chinook,spawner
2205,fuzzy,area,best,51.46,chinook,spawner
2205,fuzzy,pred.fish,suitable,4,chinook,spawner
2205,fuzzy,pred.fish,best,1,chinook,spawner
2205,fuzzy,pred.fish,reach,5,chinook,spawner
2205,fuzzy,area,reach,308.8,steelhead,spawner
2205,fuzzy,area,suitable,187.19,steelhead,spawner
2205,fuzzy,area,best,51.46,steelhead,spawner
2205,fuzzy,pred.fish,suitable,6,steelhead,spawner
2205,fuzzy,pred.fish,best,2,steelhead,spawner
2205,fuzzy,pred.fish,reach,8,steelhead,spawner
2262,thalweg,length,reach,NA,NA,NA
2262,thalweg,length,main,NA,NA,NA
2262,nrei,area,reach,NA,steelhead,juvenile
2262,nrei,area,suitable,NA,steelhead,juvenile
2262,nrei,pred.fish,suitable,NA,steelhead,juvenile
2262,nrei,pred.fish,reach,NA,steelhead,juvenile
2262,fuzzy,area,reach,NA,chinook,spawner
2262,fuzzy,area,suitable,NA,chinook,spawner
2262,fuzzy,pred.fish,suitable,NA,chinook,spawner
2262,fuzzy,pred.fish,reach,NA,chinook,spawner
2262,fuzzy,area,reach,NA,steelhead,spawner
2262,fuzzy,area,suitable,NA,steelhead,spawner
2262,fuzzy,pred.fish,suitable,NA,steelhead,spawner
2262,fuzzy,pred.fish,reach,NA,steelhead,spawner
2265,thalweg,length,reach,457.701,NA,NA
2265,thalweg,length,main,280.505,NA,NA
2265,nrei,area,reach,3631.68,steelhead,juvenile
2265,nrei,area,suitable,117.61,steelhead,juvenile
2265,nrei,area,best,117.61,steelhead,juvenile
2265,nrei,pred.fish,suitable,320,steelhead,juvenile
2265,nrei,pred.fish,best,322,steelhead,juvenile
2265,nrei,pred.fish,reach,642,steelhead,juvenile
2265,fuzzy,area,reach,3220.57,chinook,spawner
2265,fuzzy,area,suitable,1012.67,chinook,spawner
2265,fuzzy,area,best,164.53,chinook,spawner
2265,fuzzy,pred.fish,suitable,22,chinook,spawner
2265,fuzzy,pred.fish,best,5,chinook,spawner
2265,fuzzy,pred.fish,reach,27,chinook,spawner
2265,fuzzy,area,reach,3220.57,steelhead,spawner
2265,fuzzy,area,suitable,1001.85,steelhead,spawner
2265,fuzzy,area,best,164.53,steelhead,spawner
2265,fuzzy,pred.fish,suitable,30,steelhead,spawner
2265,fuzzy,pred.fish,best,7,steelhead,spawner
2265,fuzzy,pred.fish,reach,37,steelhead,spawner
2271,thalweg,length,reach,242.558,NA,NA
2271,thalweg,length,main,121.989,NA,NA
2271,nrei,area,reach,331.68,steelhead,juvenile
2271,nrei,area,suitable,9.08,steelhead,juvenile
2271,nrei,area,best,9.06,steelhead,juvenile
2271,nrei,pred.fish,suitable,18,steelhead,juvenile
2271,nrei,pred.fish,best,36,steelhead,juvenile
2271,nrei,pred.fish,reach,54,steelhead,juvenile
2271,fuzzy,area,reach,291.03,chinook,spawner
2271,fuzzy,area,suitable,118.06,chinook,spawner
2271,fuzzy,area,best,27.54,chinook,spawner
2271,fuzzy,pred.fish,suitable,2,chinook,spawner
2271,fuzzy,pred.fish,best,0,chinook,spawner
2271,fuzzy,pred.fish,reach,2,chinook,spawner
2271,fuzzy,area,reach,291.03,steelhead,spawner
2271,fuzzy,area,suitable,116.25,steelhead,spawner
2271,fuzzy,area,best,27.54,steelhead,spawner
2271,fuzzy,pred.fish,suitable,3,steelhead,spawner
2271,fuzzy,pred.fish,best,1,steelhead,spawner
2271,fuzzy,pred.fish,reach,4,steelhead,spawner
2288,thalweg,length,reach,NA,NA,NA
2288,thalweg,length,main,NA,NA,NA
2288,nrei,area,reach,NA,steelhead,juvenile
2288,nrei,area,suitable,NA,steelhead,juvenile
2288,nrei,pred.fish,suitable,NA,steelhead,juvenile
2288,nrei,pred.fish,reach,NA,steelhead,juvenile
2288,fuzzy,area,reach,NA,chinook,spawner
2288,fuzzy,area,suitable,NA,chinook,spawner
2288,fuzzy,pred.fish,suitable,NA,chinook,spawner
2288,fuzzy,pred.fish,reach,NA,chinook,spawner
2288,fuzzy,area,reach,NA,steelhead,spawner
2288,fuzzy,area,suitable,NA,steelhead,spawner
2288,fuzzy,pred.fish,suitable,NA,steelhead,spawner
2288,fuzzy,pred.fish,reach,NA,steelhead,spawner
2338,thalweg,length,reach,138.678,NA,NA
2338,thalweg,length,main,122.785,NA,NA
2338,nrei,area,reach,299.24,steelhead,juvenile
2338,nrei,area,suitable,46.74,steelhead,juvenile
2338,nrei,area,best,46.61,steelhead,juvenile
2338,nrei,pred.fish,suitable,11,steelhead,juvenile
2338,nrei,pred.fish,best,36,steelhead,juvenile
2338,nrei,pred.fish,reach,47,steelhead,juvenile
2338,fuzzy,area,reach,279.18,chinook,spawner
2338,fuzzy,area,suitable,92.05,chinook,spawner
2338,fuzzy,area,best,33.57,chinook,spawner
2338,fuzzy,pred.fish,suitable,2,chinook,spawner
2338,fuzzy,pred.fish,best,1,chinook,spawner
2338,fuzzy,pred.fish,reach,3,chinook,spawner
2338,fuzzy,area,reach,279.18,steelhead,spawner
2338,fuzzy,area,suitable,92.18,steelhead,spawner
2338,fuzzy,area,best,33.57,steelhead,spawner
2338,fuzzy,pred.fish,suitable,2,steelhead,spawner
2338,fuzzy,pred.fish,best,1,steelhead,spawner
2338,fuzzy,pred.fish,reach,3,steelhead,spawner
2435,thalweg,length,reach,177.609,NA,NA
2435,thalweg,length,main,142.121,NA,NA
2435,nrei,area,reach,506.12,steelhead,juvenile
2435,nrei,area,suitable,43.76,steelhead,juvenile
2435,nrei,area,best,43.46,steelhead,juvenile
2435,nrei,pred.fish,suitable,9,steelhead,juvenile
2435,nrei,pred.fish,best,33,steelhead,juvenile
2435,nrei,pred.fish,reach,42,steelhead,juvenile
2435,fuzzy,area,reach,465.45,chinook,spawner
2435,fuzzy,area,suitable,101.73,chinook,spawner
2435,fuzzy,area,best,0.62,chinook,spawner
2435,fuzzy,pred.fish,suitable,1,chinook,spawner
2435,fuzzy,pred.fish,best,0,chinook,spawner
2435,fuzzy,pred.fish,reach,1,chinook,spawner
2435,fuzzy,area,reach,465.45,steelhead,spawner
2435,fuzzy,area,suitable,95.24,steelhead,spawner
2435,fuzzy,area,best,0.62,steelhead,spawner
2435,fuzzy,pred.fish,suitable,2,steelhead,spawner
2435,fuzzy,pred.fish,best,0,steelhead,spawner
2435,fuzzy,pred.fish,reach,2,steelhead,spawner
2441,thalweg,length,reach,683.655,NA,NA
2441,thalweg,length,main,395.125,NA,NA
2441,nrei,area,reach,1757.08,steelhead,juvenile
2441,nrei,area,suitable,0.14,steelhead,juvenile
2441,nrei,area,best,0.14,steelhead,juvenile
2441,nrei,pred.fish,suitable,NA,steelhead,juvenile
2441,nrei,pred.fish,reach,NA,steelhead,juvenile
2441,fuzzy,area,reach,1502.61,chinook,spawner
2441,fuzzy,area,suitable,0.6,chinook,spawner
2441,fuzzy,area,best,0,chinook,spawner
2441,fuzzy,pred.fish,suitable,NA,chinook,spawner
2441,fuzzy,pred.fish,reach,NA,chinook,spawner
2441,fuzzy,area,reach,1502.61,steelhead,spawner
2441,fuzzy,area,suitable,0.6,steelhead,spawner
2441,fuzzy,area,best,0,steelhead,spawner
2441,fuzzy,pred.fish,suitable,NA,steelhead,spawner
2441,fuzzy,pred.fish,reach,NA,steelhead,spawner
2447,thalweg,length,reach,1052.964,NA,NA
2447,thalweg,length,main,335.978,NA,NA
2447,nrei,area,reach,9365.76,steelhead,juvenile
2447,nrei,area,suitable,643.33,steelhead,juvenile
2447,nrei,area,best,643.33,steelhead,juvenile
2447,nrei,pred.fish,suitable,2364,steelhead,juvenile
2447,nrei,pred.fish,best,1653,steelhead,juvenile
2447,nrei,pred.fish,reach,4017,steelhead,juvenile
2447,fuzzy,area,reach,8323.96,chinook,spawner
2447,fuzzy,area,suitable,4614.09,chinook,spawner
2447,fuzzy,area,best,581.92,chinook,spawner
2447,fuzzy,pred.fish,suitable,101,chinook,spawner
2447,fuzzy,pred.fish,best,18,chinook,spawner
2447,fuzzy,pred.fish,reach,119,chinook,spawner
2447,fuzzy,area,reach,8323.96,steelhead,spawner
2447,fuzzy,area,suitable,4569.28,steelhead,spawner
2447,fuzzy,area,best,581.92,steelhead,spawner
2447,fuzzy,pred.fish,suitable,139,steelhead,spawner
2447,fuzzy,pred.fish,best,26,steelhead,spawner
2447,fuzzy,pred.fish,reach,165,steelhead,spawner
2458,thalweg,length,reach,160.092,NA,NA
2458,thalweg,length,main,126.317,NA,NA
2458,nrei,area,reach,226.16,steelhead,juvenile
2458,nrei,area,suitable,20.23,steelhead,juvenile
2458,nrei,area,best,20.2,steelhead,juvenile
2458,nrei,pred.fish,suitable,9,steelhead,juvenile
2458,nrei,pred.fish,best,30,steelhead,juvenile
2458,nrei,pred.fish,reach,39,steelhead,juvenile
2458,fuzzy,area,reach,202.82,chinook,spawner
2458,fuzzy,area,suitable,75.38,chinook,spawner
2458,fuzzy,area,best,1.44,chinook,spawner
2458,fuzzy,pred.fish,suitable,1,chinook,spawner
2458,fuzzy,pred.fish,best,0,chinook,spawner
2458,fuzzy,pred.fish,reach,1,chinook,spawner
2458,fuzzy,area,reach,202.82,steelhead,spawner
2458,fuzzy,area,suitable,73.08,steelhead,spawner
2458,fuzzy,area,best,1.44,steelhead,spawner
2458,fuzzy,pred.fish,suitable,2,steelhead,spawner
2458,fuzzy,pred.fish,best,0,steelhead,spawner
2458,fuzzy,pred.fish,reach,2,steelhead,spawner
2459,thalweg,length,reach,434.896,NA,NA
2459,thalweg,length,main,296.783,NA,NA
2459,nrei,area,reach,6936.92,steelhead,juvenile
2459,nrei,area,suitable,225.14,steelhead,juvenile
2459,nrei,area,best,225.14,steelhead,juvenile
2459,nrei,pred.fish,suitable,849,steelhead,juvenile
2459,nrei,pred.fish,best,518,steelhead,juvenile
2459,nrei,pred.fish,reach,1367,steelhead,juvenile
2459,fuzzy,area,reach,6803.43,chinook,spawner
2459,fuzzy,area,suitable,NA,chinook,spawner
2459,fuzzy,pred.fish,suitable,NA,chinook,spawner
2459,fuzzy,pred.fish,reach,NA,chinook,spawner
2459,fuzzy,area,reach,6803.43,steelhead,spawner
2459,fuzzy,area,suitable,NA,steelhead,spawner
2459,fuzzy,pred.fish,suitable,NA,steelhead,spawner
2459,fuzzy,pred.fish,reach,NA,steelhead,spawner
2484,thalweg,length,reach,625.325,NA,NA
2484,thalweg,length,main,173.706,NA,NA
2484,nrei,area,reach,1382.64,steelhead,juvenile
2484,nrei,area,suitable,157.14,steelhead,juvenile
2484,nrei,area,best,156.95,steelhead,juvenile
2484,nrei,pred.fish,suitable,73,steelhead,juvenile
2484,nrei,pred.fish,best,74,steelhead,juvenile
2484,nrei,pred.fish,reach,147,steelhead,juvenile
2484,fuzzy,area,reach,1179.28,chinook,spawner
2484,fuzzy,area,suitable,447.84,chinook,spawner
2484,fuzzy,area,best,73.03,chinook,spawner
2484,fuzzy,pred.fish,suitable,9,chinook,spawner
2484,fuzzy,pred.fish,best,2,chinook,spawner
2484,fuzzy,pred.fish,reach,11,chinook,spawner
2484,fuzzy,area,reach,1179.28,steelhead,spawner
2484,fuzzy,area,suitable,447.84,steelhead,spawner
2484,fuzzy,area,best,73.03,steelhead,spawner
2484,fuzzy,pred.fish,suitable,13,steelhead,spawner
2484,fuzzy,pred.fish,best,3,steelhead,spawner
2484,fuzzy,pred.fish,reach,16,steelhead,spawner
2499,thalweg,length,reach,377.427,NA,NA
2499,thalweg,length,main,299.739,NA,NA
2499,nrei,area,reach,6019.88,steelhead,juvenile
2499,nrei,area,suitable,284.49,steelhead,juvenile
2499,nrei,area,best,284.48,steelhead,juvenile
2499,nrei,pred.fish,suitable,938,steelhead,juvenile
2499,nrei,pred.fish,best,641,steelhead,juvenile
2499,nrei,pred.fish,reach,1579,steelhead,juvenile
2499,fuzzy,area,reach,5962.62,chinook,spawner
2499,fuzzy,area,suitable,NA,chinook,spawner
2499,fuzzy,pred.fish,suitable,NA,chinook,spawner
2499,fuzzy,pred.fish,reach,NA,chinook,spawner
2499,fuzzy,area,reach,5962.62,steelhead,spawner
2499,fuzzy,area,suitable,NA,steelhead,spawner
2499,fuzzy,pred.fish,suitable,NA,steelhead,spawner
2499,fuzzy,pred.fish,reach,NA,steelhead,spawner
2546,thalweg,length,reach,NA,NA,NA
2546,thalweg,length,main,NA,NA,NA
2546,nrei,area,reach,NA,steelhead,juvenile
2546,nrei,area,suitable,NA,steelhead,juvenile
2546,nrei,pred.fish,suitable,NA,steelhead,juvenile
2546,nrei,pred.fish,reach,NA,steelhead,juvenile
2546,fuzzy,area,reach,NA,chinook,spawner
2546,fuzzy,area,suitable,NA,chinook,spawner
2546,fuzzy,pred.fish,suitable,NA,chinook,spawner
2546,fuzzy,pred.fish,reach,NA,chinook,spawner
2546,fuzzy,area,reach,NA,steelhead,spawner
2546,fuzzy,area,suitable,NA,steelhead,spawner
2546,fuzzy,pred.fish,suitable,NA,steelhead,spawner
2546,fuzzy,pred.fish,reach,NA,steelhead,spawner
2556,thalweg,length,reach,1202.963,NA,NA
2556,thalweg,length,main,423.921,NA,NA
2556,nrei,area,reach,6480.92,steelhead,juvenile
2556,nrei,area,suitable,374.56,steelhead,juvenile
2556,nrei,area,best,374.55,steelhead,juvenile
2556,nrei,pred.fish,suitable,1000,steelhead,juvenile
2556,nrei,pred.fish,best,1130,steelhead,juvenile
2556,nrei,pred.fish,reach,2130,steelhead,juvenile
2556,fuzzy,area,reach,6240.42,chinook,spawner
2556,fuzzy,area,suitable,2664.51,chinook,spawner
2556,fuzzy,area,best,400.32,chinook,spawner
2556,fuzzy,pred.fish,suitable,63,chinook,spawner
2556,fuzzy,pred.fish,best,13,chinook,spawner
2556,fuzzy,pred.fish,reach,76,chinook,spawner
2556,fuzzy,area,reach,6240.42,steelhead,spawner
2556,fuzzy,area,suitable,2664.19,steelhead,spawner
2556,fuzzy,area,best,400.32,steelhead,spawner
2556,fuzzy,pred.fish,suitable,89,steelhead,spawner
2556,fuzzy,pred.fish,best,17,steelhead,spawner
2556,fuzzy,pred.fish,reach,106,steelhead,spawner
2563,thalweg,length,reach,194.498,NA,NA
2563,thalweg,length,main,115.621,NA,NA
2563,nrei,area,reach,596.96,steelhead,juvenile
2563,nrei,area,suitable,138.95,steelhead,juvenile
2563,nrei,area,best,138.84,steelhead,juvenile
2563,nrei,pred.fish,suitable,51,steelhead,juvenile
2563,nrei,pred.fish,best,62,steelhead,juvenile
2563,nrei,pred.fish,reach,113,steelhead,juvenile
2563,fuzzy,area,reach,573.93,chinook,spawner
2563,fuzzy,area,suitable,371.09,chinook,spawner
2563,fuzzy,area,best,37.18,chinook,spawner
2563,fuzzy,pred.fish,suitable,8,chinook,spawner
2563,fuzzy,pred.fish,best,1,chinook,spawner
2563,fuzzy,pred.fish,reach,9,chinook,spawner
2563,fuzzy,area,reach,573.93,steelhead,spawner
2563,fuzzy,area,suitable,364.67,steelhead,spawner
2563,fuzzy,area,best,37.18,steelhead,spawner
2563,fuzzy,pred.fish,suitable,11,steelhead,spawner
2563,fuzzy,pred.fish,best,1,steelhead,spawner
2563,fuzzy,pred.fish,reach,12,steelhead,spawner
2668,thalweg,length,reach,842.761,NA,NA
2668,thalweg,length,main,528,NA,NA
2668,nrei,area,reach,11796.64,steelhead,juvenile
2668,nrei,area,suitable,973.99,steelhead,juvenile
2668,nrei,area,best,973.98,steelhead,juvenile
2668,nrei,pred.fish,suitable,2393,steelhead,juvenile
2668,nrei,pred.fish,best,1744,steelhead,juvenile
2668,nrei,pred.fish,reach,4137,steelhead,juvenile
2668,fuzzy,area,reach,11306.33,chinook,spawner
2668,fuzzy,area,suitable,7655.6,chinook,spawner
2668,fuzzy,area,best,308.77,chinook,spawner
2668,fuzzy,pred.fish,suitable,164,chinook,spawner
2668,fuzzy,pred.fish,best,9,chinook,spawner
2668,fuzzy,pred.fish,reach,173,chinook,spawner
2668,fuzzy,area,reach,11306.33,steelhead,spawner
2668,fuzzy,area,suitable,7655.6,steelhead,spawner
2668,fuzzy,area,best,308.77,steelhead,spawner
2668,fuzzy,pred.fish,suitable,229,steelhead,spawner
2668,fuzzy,pred.fish,best,13,steelhead,spawner
2668,fuzzy,pred.fish,reach,242,steelhead,spawner
2696,thalweg,length,reach,406.508,NA,NA
2696,thalweg,length,main,308.895,NA,NA
2696,nrei,area,reach,3730.88,steelhead,juvenile
2696,nrei,area,suitable,134.56,steelhead,juvenile
2696,nrei,area,best,134.56,steelhead,juvenile
2696,nrei,pred.fish,suitable,405,steelhead,juvenile
2696,nrei,pred.fish,best,393,steelhead,juvenile
2696,nrei,pred.fish,reach,798,steelhead,juvenile
2696,fuzzy,area,reach,NA,chinook,spawner
2696,fuzzy,area,suitable,NA,chinook,spawner
2696,fuzzy,pred.fish,suitable,NA,chinook,spawner
2696,fuzzy,pred.fish,reach,NA,chinook,spawner
2696,fuzzy,area,reach,NA,steelhead,spawner
2696,fuzzy,area,suitable,NA,steelhead,spawner
2696,fuzzy,pred.fish,suitable,NA,steelhead,spawner
2696,fuzzy,pred.fish,reach,NA,steelhead,spawner
2769,thalweg,length,reach,206.984,NA,NA
2769,thalweg,length,main,181.699,NA,NA
2769,nrei,area,reach,637.68,steelhead,juvenile
2769,nrei,area,suitable,186.77,steelhead,juvenile
2769,nrei,area,best,185.38,steelhead,juvenile
2769,nrei,pred.fish,suitable,64,steelhead,juvenile
2769,nrei,pred.fish,best,118,steelhead,juvenile
2769,nrei,pred.fish,reach,182,steelhead,juvenile
2769,fuzzy,area,reach,NA,chinook,spawner
2769,fuzzy,area,suitable,NA,chinook,spawner
2769,fuzzy,pred.fish,suitable,NA,chinook,spawner
2769,fuzzy,pred.fish,reach,NA,chinook,spawner
2769,fuzzy,area,reach,NA,steelhead,spawner
2769,fuzzy,area,suitable,NA,steelhead,spawner
2769,fuzzy,pred.fish,suitable,NA,steelhead,spawner
2769,fuzzy,pred.fish,reach,NA,steelhead,spawner
2771,thalweg,length,reach,104.12,NA,NA
2771,thalweg,length,main,96.01,NA,NA
2771,nrei,area,reach,260,steelhead,juvenile
2771,nrei,area,suitable,62.69,steelhead,juvenile
2771,nrei,area,best,62.23,steelhead,juvenile
2771,nrei,pred.fish,suitable,32,steelhead,juvenile
2771,nrei,pred.fish,best,35,steelhead,juvenile
2771,nrei,pred.fish,reach,67,steelhead,juvenile
2771,fuzzy,area,reach,255.99,chinook,spawner
2771,fuzzy,area,suitable,94.72,chinook,spawner
2771,fuzzy,area,best,3.74,chinook,spawner
2771,fuzzy,pred.fish,suitable,1,chinook,spawner
2771,fuzzy,pred.fish,best,0,chinook,spawner
2771,fuzzy,pred.fish,reach,1,chinook,spawner
2771,fuzzy,area,reach,255.99,steelhead,spawner
2771,fuzzy,area,suitable,75.53,steelhead,spawner
2771,fuzzy,area,best,3.74,steelhead,spawner
2771,fuzzy,pred.fish,suitable,2,steelhead,spawner
2771,fuzzy,pred.fish,best,0,steelhead,spawner
2771,fuzzy,pred.fish,reach,2,steelhead,spawner
2785,thalweg,length,reach,285.671,NA,NA
2785,thalweg,length,main,110.445,NA,NA
2785,nrei,area,reach,590.88,steelhead,juvenile
2785,nrei,area,suitable,111.92,steelhead,juvenile
2785,nrei,area,best,107.34,steelhead,juvenile
2785,nrei,pred.fish,suitable,47,steelhead,juvenile
2785,nrei,pred.fish,best,65,steelhead,juvenile
2785,nrei,pred.fish,reach,112,steelhead,juvenile
2785,fuzzy,area,reach,550.6,chinook,spawner
2785,fuzzy,area,suitable,133.98,chinook,spawner
2785,fuzzy,area,best,32.47,chinook,spawner
2785,fuzzy,pred.fish,suitable,3,chinook,spawner
2785,fuzzy,pred.fish,best,1,chinook,spawner
2785,fuzzy,pred.fish,reach,4,chinook,spawner
2785,fuzzy,area,reach,550.6,steelhead,spawner
2785,fuzzy,area,suitable,133.98,steelhead,spawner
2785,fuzzy,area,best,32.47,steelhead,spawner
2785,fuzzy,pred.fish,suitable,4,steelhead,spawner
2785,fuzzy,pred.fish,best,2,steelhead,spawner
2785,fuzzy,pred.fish,reach,6,steelhead,spawner
2790,thalweg,length,reach,244.378,NA,NA
2790,thalweg,length,main,218.174,NA,NA
2790,nrei,area,reach,639.28,steelhead,juvenile
2790,nrei,area,suitable,181.93,steelhead,juvenile
2790,nrei,area,best,150.5,steelhead,juvenile
2790,nrei,pred.fish,suitable,87,steelhead,juvenile
2790,nrei,pred.fish,best,134,steelhead,juvenile
2790,nrei,pred.fish,reach,221,steelhead,juvenile
2790,fuzzy,area,reach,624.53,chinook,spawner
2790,fuzzy,area,suitable,186.57,chinook,spawner
2790,fuzzy,area,best,1.53,chinook,spawner
2790,fuzzy,pred.fish,suitable,3,chinook,spawner
2790,fuzzy,pred.fish,best,0,chinook,spawner
2790,fuzzy,pred.fish,reach,3,chinook,spawner
2790,fuzzy,area,reach,624.53,steelhead,spawner
2790,fuzzy,area,suitable,186.57,steelhead,spawner
2790,fuzzy,area,best,1.53,steelhead,spawner
2790,fuzzy,pred.fish,suitable,5,steelhead,spawner
2790,fuzzy,pred.fish,best,0,steelhead,spawner
2790,fuzzy,pred.fish,reach,5,steelhead,spawner
2898,thalweg,length,reach,755.416,NA,NA
2898,thalweg,length,main,649.965,NA,NA
2898,nrei,area,reach,14071.8,steelhead,juvenile
2898,nrei,area,suitable,1260.2,steelhead,juvenile
2898,nrei,area,best,1260.2,steelhead,juvenile
2898,nrei,pred.fish,suitable,3628,steelhead,juvenile
2898,nrei,pred.fish,best,2514,steelhead,juvenile
2898,nrei,pred.fish,reach,6142,steelhead,juvenile
2898,fuzzy,area,reach,NA,chinook,spawner
2898,fuzzy,area,suitable,10095.24,chinook,spawner
2898,fuzzy,area,best,0,chinook,spawner
2898,fuzzy,pred.fish,suitable,NA,chinook,spawner
2898,fuzzy,pred.fish,reach,NA,chinook,spawner
2898,fuzzy,area,reach,13908.22,steelhead,spawner
2898,fuzzy,area,suitable,10095.24,steelhead,spawner
2898,fuzzy,area,best,0,steelhead,spawner
2898,fuzzy,pred.fish,suitable,283,steelhead,spawner
2898,fuzzy,pred.fish,best,0,steelhead,spawner
2898,fuzzy,pred.fish,reach,283,steelhead,spawner
294,thalweg,length,reach,536.542,NA,NA
294,thalweg,length,main,443.5,NA,NA
294,nrei,area,reach,9274.24,steelhead,juvenile
294,nrei,area,suitable,330.35,steelhead,juvenile
294,nrei,area,best,330.34,steelhead,juvenile
294,nrei,pred.fish,suitable,1271,steelhead,juvenile
294,nrei,pred.fish,best,835,steelhead,juvenile
294,nrei,pred.fish,reach,2106,steelhead,juvenile
294,fuzzy,area,reach,NA,chinook,spawner
294,fuzzy,area,suitable,NA,chinook,spawner
294,fuzzy,pred.fish,suitable,NA,chinook,spawner
294,fuzzy,pred.fish,reach,NA,chinook,spawner
294,fuzzy,area,reach,NA,steelhead,spawner
294,fuzzy,area,suitable,NA,steelhead,spawner
294,fuzzy,pred.fish,suitable,NA,steelhead,spawner
294,fuzzy,pred.fish,reach,NA,steelhead,spawner
3146,thalweg,length,reach,455.824,NA,NA
3146,thalweg,length,main,296.659,NA,NA
3146,nrei,area,reach,2337.8,steelhead,juvenile
3146,nrei,area,suitable,486.58,steelhead,juvenile
3146,nrei,area,best,482.17,steelhead,juvenile
3146,nrei,pred.fish,suitable,361,steelhead,juvenile
3146,nrei,pred.fish,best,362,steelhead,juvenile
3146,nrei,pred.fish,reach,723,steelhead,juvenile
3146,fuzzy,area,reach,2282.79,chinook,spawner
3146,fuzzy,area,suitable,795.65,chinook,spawner
3146,fuzzy,area,best,200.38,chinook,spawner
3146,fuzzy,pred.fish,suitable,16,chinook,spawner
3146,fuzzy,pred.fish,best,6,chinook,spawner
3146,fuzzy,pred.fish,reach,22,chinook,spawner
3146,fuzzy,area,reach,2282.79,steelhead,spawner
3146,fuzzy,area,suitable,706.25,steelhead,spawner
3146,fuzzy,area,best,200.38,steelhead,spawner
3146,fuzzy,pred.fish,suitable,21,steelhead,spawner
3146,fuzzy,pred.fish,best,9,steelhead,spawner
3146,fuzzy,pred.fish,reach,30,steelhead,spawner
3161,thalweg,length,reach,188.953,NA,NA
3161,thalweg,length,main,123.161,NA,NA
3161,nrei,area,reach,216.2,steelhead,juvenile
3161,nrei,area,suitable,2.49,steelhead,juvenile
3161,nrei,area,best,2.47,steelhead,juvenile
3161,nrei,pred.fish,suitable,5,steelhead,juvenile
3161,nrei,pred.fish,best,10,steelhead,juvenile
3161,nrei,pred.fish,reach,15,steelhead,juvenile
3161,fuzzy,area,reach,185.43,chinook,spawner
3161,fuzzy,area,suitable,33.67,chinook,spawner
3161,fuzzy,area,best,6.08,chinook,spawner
3161,fuzzy,pred.fish,suitable,NA,chinook,spawner
3161,fuzzy,pred.fish,reach,NA,chinook,spawner
3161,fuzzy,area,reach,185.43,steelhead,spawner
3161,fuzzy,area,suitable,33.67,steelhead,spawner
3161,fuzzy,area,best,6.08,steelhead,spawner
3161,fuzzy,pred.fish,suitable,1,steelhead,spawner
3161,fuzzy,pred.fish,best,0,steelhead,spawner
3161,fuzzy,pred.fish,reach,1,steelhead,spawner
323,thalweg,length,reach,233.324,NA,NA
323,thalweg,length,main,157.062,NA,NA
323,nrei,area,reach,1078.6,steelhead,juvenile
323,nrei,area,suitable,101.28,steelhead,juvenile
323,nrei,area,best,98.19,steelhead,juvenile
323,nrei,pred.fish,suitable,51,steelhead,juvenile
323,nrei,pred.fish,best,118,steelhead,juvenile
323,nrei,pred.fish,reach,169,steelhead,juvenile
323,fuzzy,area,reach,NA,chinook,spawner
323,fuzzy,area,suitable,NA,chinook,spawner
323,fuzzy,pred.fish,suitable,NA,chinook,spawner
323,fuzzy,pred.fish,reach,NA,chinook,spawner
323,fuzzy,area,reach,NA,steelhead,spawner
323,fuzzy,area,suitable,NA,steelhead,spawner
323,fuzzy,pred.fish,suitable,NA,steelhead,spawner
323,fuzzy,pred.fish,reach,NA,steelhead,spawner
3275,thalweg,length,reach,1296.682,NA,NA
3275,thalweg,length,main,687.304,NA,NA
3275,nrei,area,reach,15668.76,steelhead,juvenile
3275,nrei,area,suitable,388.16,steelhead,juvenile
3275,nrei,area,best,388.16,steelhead,juvenile
3275,nrei,pred.fish,suitable,900,steelhead,juvenile
3275,nrei,pred.fish,best,1510,steelhead,juvenile
3275,nrei,pred.fish,reach,2410,steelhead,juvenile
3275,fuzzy,area,reach,12362.9,chinook,spawner
3275,fuzzy,area,suitable,4140.56,chinook,spawner
3275,fuzzy,area,best,268.89,chinook,spawner
3275,fuzzy,pred.fish,suitable,93,chinook,spawner
3275,fuzzy,pred.fish,best,8,chinook,spawner
3275,fuzzy,pred.fish,reach,101,chinook,spawner
3275,fuzzy,area,reach,12362.9,steelhead,spawner
3275,fuzzy,area,suitable,4140.56,steelhead,spawner
3275,fuzzy,area,best,268.89,steelhead,spawner
3275,fuzzy,pred.fish,suitable,130,steelhead,spawner
3275,fuzzy,pred.fish,best,11,steelhead,spawner
3275,fuzzy,pred.fish,reach,141,steelhead,spawner
3297,thalweg,length,reach,1819.832,NA,NA
3297,thalweg,length,main,619.058,NA,NA
3297,nrei,area,reach,12879.52,steelhead,juvenile
3297,nrei,area,suitable,777.13,steelhead,juvenile
3297,nrei,area,best,777.12,steelhead,juvenile
3297,nrei,pred.fish,suitable,1695,steelhead,juvenile
3297,nrei,pred.fish,best,1754,steelhead,juvenile
3297,nrei,pred.fish,reach,3449,steelhead,juvenile
3297,fuzzy,area,reach,10564.93,chinook,spawner
3297,fuzzy,area,suitable,2517.91,chinook,spawner
3297,fuzzy,area,best,354.55,chinook,spawner
3297,fuzzy,pred.fish,suitable,52,chinook,spawner
3297,fuzzy,pred.fish,best,11,chinook,spawner
3297,fuzzy,pred.fish,reach,63,chinook,spawner
3297,fuzzy,area,reach,10564.93,steelhead,spawner
3297,fuzzy,area,suitable,2281.38,steelhead,spawner
3297,fuzzy,area,best,354.55,steelhead,spawner
3297,fuzzy,pred.fish,suitable,68,steelhead,spawner
3297,fuzzy,pred.fish,best,16,steelhead,spawner
3297,fuzzy,pred.fish,reach,84,steelhead,spawner
3413,thalweg,length,reach,116.172,NA,NA
3413,thalweg,length,main,101.99,NA,NA
3413,nrei,area,reach,443.64,steelhead,juvenile
3413,nrei,area,suitable,132.38,steelhead,juvenile
3413,nrei,area,best,131.11,steelhead,juvenile
3413,nrei,pred.fish,suitable,48,steelhead,juvenile
3413,nrei,pred.fish,best,82,steelhead,juvenile
3413,nrei,pred.fish,reach,130,steelhead,juvenile
3413,fuzzy,area,reach,288.91,chinook,spawner
3413,fuzzy,area,suitable,61.13,chinook,spawner
3413,fuzzy,area,best,0,chinook,spawner
3413,fuzzy,pred.fish,suitable,NA,chinook,spawner
3413,fuzzy,pred.fish,reach,NA,chinook,spawner
3413,fuzzy,area,reach,288.91,steelhead,spawner
3413,fuzzy,area,suitable,8.92,steelhead,spawner
3413,fuzzy,area,best,0,steelhead,spawner
3413,fuzzy,pred.fish,suitable,NA,steelhead,spawner
3413,fuzzy,pred.fish,reach,NA,steelhead,spawner
3415,thalweg,length,reach,185.798,NA,NA
3415,thalweg,length,main,148.779,NA,NA
3415,nrei,area,reach,1360,steelhead,juvenile
3415,nrei,area,suitable,429.64,steelhead,juvenile
3415,nrei,area,best,430,steelhead,juvenile
3415,nrei,pred.fish,suitable,219,steelhead,juvenile
3415,nrei,pred.fish,best,300,steelhead,juvenile
3415,nrei,pred.fish,reach,519,steelhead,juvenile
3415,fuzzy,area,reach,1610.99,chinook,spawner
3415,fuzzy,area,suitable,NA,chinook,spawner
3415,fuzzy,pred.fish,suitable,NA,chinook,spawner
3415,fuzzy,pred.fish,reach,NA,chinook,spawner
3415,fuzzy,area,reach,1610.99,steelhead,spawner
3415,fuzzy,area,suitable,NA,steelhead,spawner
3415,fuzzy,pred.fish,suitable,NA,steelhead,spawner
3415,fuzzy,pred.fish,reach,NA,steelhead,spawner
3432,thalweg,length,reach,257.254,NA,NA
3432,thalweg,length,main,166.758,NA,NA
3432,nrei,area,reach,558.6,steelhead,juvenile
3432,nrei,area,suitable,122.56,steelhead,juvenile
3432,nrei,area,best,118.94,steelhead,juvenile
3432,nrei,pred.fish,suitable,48,steelhead,juvenile
3432,nrei,pred.fish,best,111,steelhead,juvenile
3432,nrei,pred.fish,reach,159,steelhead,juvenile
3432,fuzzy,area,reach,537.36,chinook,spawner
3432,fuzzy,area,suitable,8.7,chinook,spawner
3432,fuzzy,area,best,0,chinook,spawner
3432,fuzzy,pred.fish,suitable,NA,chinook,spawner
3432,fuzzy,pred.fish,reach,NA,chinook,spawner
3432,fuzzy,area,reach,537.36,steelhead,spawner
3432,fuzzy,area,suitable,3.07,steelhead,spawner
3432,fuzzy,area,best,0,steelhead,spawner
3432,fuzzy,pred.fish,suitable,NA,steelhead,spawner
3432,fuzzy,pred.fish,reach,NA,steelhead,spawner
3464,thalweg,length,reach,319.625,NA,NA
3464,thalweg,length,main,200.733,NA,NA
3464,nrei,area,reach,NA,steelhead,juvenile
3464,nrei,area,suitable,245.61,steelhead,juvenile
3464,nrei,area,best,245.48,steelhead,juvenile
3464,nrei,pred.fish,suitable,62,steelhead,juvenile
3464,nrei,pred.fish,best,98,steelhead,juvenile
3464,nrei,pred.fish,reach,160,steelhead,juvenile
3464,fuzzy,area,reach,1214.57,chinook,spawner
3464,fuzzy,area,suitable,425.81,chinook,spawner
3464,fuzzy,area,best,51.98,chinook,spawner
3464,fuzzy,pred.fish,suitable,9,chinook,spawner
3464,fuzzy,pred.fish,best,1,chinook,spawner
3464,fuzzy,pred.fish,reach,10,chinook,spawner
3464,fuzzy,area,reach,1214.57,steelhead,spawner
3464,fuzzy,area,suitable,415.74,steelhead,spawner
3464,fuzzy,area,best,51.98,steelhead,spawner
3464,fuzzy,pred.fish,suitable,12,steelhead,spawner
3464,fuzzy,pred.fish,best,3,steelhead,spawner
3464,fuzzy,pred.fish,reach,15,steelhead,spawner
3466,thalweg,length,reach,1057.744,NA,NA
3466,thalweg,length,main,683.854,NA,NA
3466,nrei,area,reach,17703.32,steelhead,juvenile
3466,nrei,area,suitable,626.47,steelhead,juvenile
3466,nrei,area,best,626.46,steelhead,juvenile
3466,nrei,pred.fish,suitable,4568,steelhead,juvenile
3466,nrei,pred.fish,best,4396,steelhead,juvenile
3466,nrei,pred.fish,reach,8964,steelhead,juvenile
3466,fuzzy,area,reach,NA,chinook,spawner
3466,fuzzy,area,suitable,NA,chinook,spawner
3466,fuzzy,pred.fish,suitable,NA,chinook,spawner
3466,fuzzy,pred.fish,reach,NA,chinook,spawner
3466,fuzzy,area,reach,NA,steelhead,spawner
3466,fuzzy,area,suitable,NA,steelhead,spawner
3466,fuzzy,pred.fish,suitable,NA,steelhead,spawner
3466,fuzzy,pred.fish,reach,NA,steelhead,spawner
3501,thalweg,length,reach,691.12,NA,NA
3501,thalweg,length,main,393.413,NA,NA
3501,nrei,area,reach,4940.6,steelhead,juvenile
3501,nrei,area,suitable,355.15,steelhead,juvenile
3501,nrei,area,best,355.15,steelhead,juvenile
3501,nrei,pred.fish,suitable,684,steelhead,juvenile
3501,nrei,pred.fish,best,667,steelhead,juvenile
3501,nrei,pred.fish,reach,1351,steelhead,juvenile
3501,fuzzy,area,reach,4671.72,chinook,spawner
3501,fuzzy,area,suitable,2806.15,chinook,spawner
3501,fuzzy,area,best,109.05,chinook,spawner
3501,fuzzy,pred.fish,suitable,58,chinook,spawner
3501,fuzzy,pred.fish,best,3,chinook,spawner
3501,fuzzy,pred.fish,reach,61,chinook,spawner
3501,fuzzy,area,reach,4671.72,steelhead,spawner
3501,fuzzy,area,suitable,2813.9,steelhead,spawner
3501,fuzzy,area,best,109.05,steelhead,spawner
3501,fuzzy,pred.fish,suitable,81,steelhead,spawner
3501,fuzzy,pred.fish,best,4,steelhead,spawner
3501,fuzzy,pred.fish,reach,85,steelhead,spawner
3512,thalweg,length,reach,655.387,NA,NA
3512,thalweg,length,main,233.785,NA,NA
3512,nrei,area,reach,2706.6,steelhead,juvenile
3512,nrei,area,suitable,702.6,steelhead,juvenile
3512,nrei,area,best,702.5,steelhead,juvenile
3512,nrei,pred.fish,suitable,174,steelhead,juvenile
3512,nrei,pred.fish,best,263,steelhead,juvenile
3512,nrei,pred.fish,reach,437,steelhead,juvenile
3512,fuzzy,area,reach,2574.23,chinook,spawner
3512,fuzzy,area,suitable,656.6,chinook,spawner
3512,fuzzy,area,best,0,chinook,spawner
3512,fuzzy,pred.fish,suitable,12,chinook,spawner
3512,fuzzy,pred.fish,best,0,chinook,spawner
3512,fuzzy,pred.fish,reach,12,chinook,spawner
3512,fuzzy,area,reach,2574.23,steelhead,spawner
3512,fuzzy,area,suitable,656.6,steelhead,spawner
3512,fuzzy,area,best,0,steelhead,spawner
3512,fuzzy,pred.fish,suitable,17,steelhead,spawner
3512,fuzzy,pred.fish,best,0,steelhead,spawner
3512,fuzzy,pred.fish,reach,17,steelhead,spawner
3528,thalweg,length,reach,249.775,NA,NA
3528,thalweg,length,main,200.25,NA,NA
3528,nrei,area,reach,1985.32,steelhead,juvenile
3528,nrei,area,suitable,679.57,steelhead,juvenile
3528,nrei,area,best,659.68,steelhead,juvenile
3528,nrei,pred.fish,suitable,254,steelhead,juvenile
3528,nrei,pred.fish,best,275,steelhead,juvenile
3528,nrei,pred.fish,reach,529,steelhead,juvenile
3528,fuzzy,area,reach,NA,chinook,spawner
3528,fuzzy,area,suitable,NA,chinook,spawner
3528,fuzzy,pred.fish,suitable,NA,chinook,spawner
3528,fuzzy,pred.fish,reach,NA,chinook,spawner
3528,fuzzy,area,reach,NA,steelhead,spawner
3528,fuzzy,area,suitable,NA,steelhead,spawner
3528,fuzzy,pred.fish,suitable,NA,steelhead,spawner
3528,fuzzy,pred.fish,reach,NA,steelhead,spawner
3615,thalweg,length,reach,259.024,NA,NA
3615,thalweg,length,main,251.505,NA,NA
3615,nrei,area,reach,762.12,steelhead,juvenile
3615,nrei,area,suitable,62.24,steelhead,juvenile
3615,nrei,area,best,61.9,steelhead,juvenile
3615,nrei,pred.fish,suitable,11,steelhead,juvenile
3615,nrei,pred.fish,best,40,steelhead,juvenile
3615,nrei,pred.fish,reach,51,steelhead,juvenile
3615,fuzzy,area,reach,665.17,chinook,spawner
3615,fuzzy,area,suitable,47.76,chinook,spawner
3615,fuzzy,area,best,0,chinook,spawner
3615,fuzzy,pred.fish,suitable,NA,chinook,spawner
3615,fuzzy,pred.fish,reach,NA,chinook,spawner
3615,fuzzy,area,reach,665.17,steelhead,spawner
3615,fuzzy,area,suitable,27.95,steelhead,spawner
3615,fuzzy,area,best,0,steelhead,spawner
3615,fuzzy,pred.fish,suitable,NA,steelhead,spawner
3615,fuzzy,pred.fish,reach,NA,steelhead,spawner
3620,thalweg,length,reach,599.87,NA,NA
3620,thalweg,length,main,212.526,NA,NA
3620,nrei,area,reach,1083.4,steelhead,juvenile
3620,nrei,area,suitable,155.01,steelhead,juvenile
3620,nrei,area,best,154.39,steelhead,juvenile
3620,nrei,pred.fish,suitable,42,steelhead,juvenile
3620,nrei,pred.fish,best,86,steelhead,juvenile
3620,nrei,pred.fish,reach,128,steelhead,juvenile
3620,fuzzy,area,reach,701.46,chinook,spawner
3620,fuzzy,area,suitable,155.76,chinook,spawner
3620,fuzzy,area,best,2.78,chinook,spawner
3620,fuzzy,pred.fish,suitable,2,chinook,spawner
3620,fuzzy,pred.fish,best,0,chinook,spawner
3620,fuzzy,pred.fish,reach,2,chinook,spawner
3620,fuzzy,area,reach,701.46,steelhead,spawner
3620,fuzzy,area,suitable,155.76,steelhead,spawner
3620,fuzzy,area,best,2.78,steelhead,spawner
3620,fuzzy,pred.fish,suitable,4,steelhead,spawner
3620,fuzzy,pred.fish,best,0,steelhead,spawner
3620,fuzzy,pred.fish,reach,4,steelhead,spawner
3637,thalweg,length,reach,304.389,NA,NA
3637,thalweg,length,main,281.672,NA,NA
3637,nrei,area,reach,795.36,steelhead,juvenile
3637,nrei,area,suitable,161.92,steelhead,juvenile
3637,nrei,area,best,157.34,steelhead,juvenile
3637,nrei,pred.fish,suitable,64,steelhead,juvenile
3637,nrei,pred.fish,best,125,steelhead,juvenile
3637,nrei,pred.fish,reach,189,steelhead,juvenile
3637,fuzzy,area,reach,690.64,chinook,spawner
3637,fuzzy,area,suitable,356.86,chinook,spawner
3637,fuzzy,area,best,7.43,chinook,spawner
3637,fuzzy,pred.fish,suitable,6,chinook,spawner
3637,fuzzy,pred.fish,best,0,chinook,spawner
3637,fuzzy,pred.fish,reach,6,chinook,spawner
3637,fuzzy,area,reach,690.64,steelhead,spawner
3637,fuzzy,area,suitable,356.86,steelhead,spawner
3637,fuzzy,area,best,7.43,steelhead,spawner
3637,fuzzy,pred.fish,suitable,9,steelhead,spawner
3637,fuzzy,pred.fish,best,0,steelhead,spawner
3637,fuzzy,pred.fish,reach,9,steelhead,spawner
3701,thalweg,length,reach,982.248,NA,NA
3701,thalweg,length,main,524.052,NA,NA
3701,nrei,area,reach,7930.12,steelhead,juvenile
3701,nrei,area,suitable,476.55,steelhead,juvenile
3701,nrei,area,best,476.55,steelhead,juvenile
3701,nrei,pred.fish,suitable,1190,steelhead,juvenile
3701,nrei,pred.fish,best,1041,steelhead,juvenile
3701,nrei,pred.fish,reach,2231,steelhead,juvenile
3701,fuzzy,area,reach,6550.84,chinook,spawner
3701,fuzzy,area,suitable,3545,chinook,spawner
3701,fuzzy,area,best,351.2,chinook,spawner
3701,fuzzy,pred.fish,suitable,75,chinook,spawner
3701,fuzzy,pred.fish,best,11,chinook,spawner
3701,fuzzy,pred.fish,reach,86,chinook,spawner
3701,fuzzy,area,reach,6550.84,steelhead,spawner
3701,fuzzy,area,suitable,3545,steelhead,spawner
3701,fuzzy,area,best,351.2,steelhead,spawner
3701,fuzzy,pred.fish,suitable,105,steelhead,spawner
3701,fuzzy,pred.fish,best,15,steelhead,spawner
3701,fuzzy,pred.fish,reach,120,steelhead,spawner
372,thalweg,length,reach,239.333,NA,NA
372,thalweg,length,main,157.911,NA,NA
372,nrei,area,reach,492.12,steelhead,juvenile
372,nrei,area,suitable,10.09,steelhead,juvenile
372,nrei,area,best,10.09,steelhead,juvenile
372,nrei,pred.fish,suitable,3,steelhead,juvenile
372,nrei,pred.fish,best,7,steelhead,juvenile
372,nrei,pred.fish,reach,10,steelhead,juvenile
372,fuzzy,area,reach,NA,chinook,spawner
372,fuzzy,area,suitable,NA,chinook,spawner
372,fuzzy,pred.fish,suitable,NA,chinook,spawner
372,fuzzy,pred.fish,reach,NA,chinook,spawner
372,fuzzy,area,reach,NA,steelhead,spawner
372,fuzzy,area,suitable,NA,steelhead,spawner
372,fuzzy,pred.fish,suitable,NA,steelhead,spawner
372,fuzzy,pred.fish,reach,NA,steelhead,spawner
3949,thalweg,length,reach,361.767,NA,NA
3949,thalweg,length,main,211.042,NA,NA
3949,nrei,area,reach,1462.12,steelhead,juvenile
3949,nrei,area,suitable,140.71,steelhead,juvenile
3949,nrei,area,best,140.12,steelhead,juvenile
3949,nrei,pred.fish,suitable,78,steelhead,juvenile
3949,nrei,pred.fish,best,132,steelhead,juvenile
3949,nrei,pred.fish,reach,210,steelhead,juvenile
3949,fuzzy,area,reach,1384.43,chinook,spawner
3949,fuzzy,area,suitable,485.31,chinook,spawner
3949,fuzzy,area,best,249.29,chinook,spawner
3949,fuzzy,pred.fish,suitable,11,chinook,spawner
3949,fuzzy,pred.fish,best,8,chinook,spawner
3949,fuzzy,pred.fish,reach,19,chinook,spawner
3949,fuzzy,area,reach,1384.43,steelhead,spawner
3949,fuzzy,area,suitable,485.31,steelhead,spawner
3949,fuzzy,area,best,249.29,steelhead,spawner
3949,fuzzy,pred.fish,suitable,15,steelhead,spawner
3949,fuzzy,pred.fish,best,11,steelhead,spawner
3949,fuzzy,pred.fish,reach,26,steelhead,spawner
3975,thalweg,length,reach,268.451,NA,NA
3975,thalweg,length,main,198.477,NA,NA
3975,nrei,area,reach,853.28,steelhead,juvenile
3975,nrei,area,suitable,0.01,steelhead,juvenile
3975,nrei,area,best,0.01,steelhead,juvenile
3975,nrei,pred.fish,suitable,0,steelhead,juvenile
3975,nrei,pred.fish,best,1,steelhead,juvenile
3975,nrei,pred.fish,reach,1,steelhead,juvenile
3975,fuzzy,area,reach,782.48,chinook,spawner
3975,fuzzy,area,suitable,NA,chinook,spawner
3975,fuzzy,pred.fish,suitable,NA,chinook,spawner
3975,fuzzy,pred.fish,reach,NA,chinook,spawner
3975,fuzzy,area,reach,782.48,steelhead,spawner
3975,fuzzy,area,suitable,NA,steelhead,spawner
3975,fuzzy,pred.fish,suitable,NA,steelhead,spawner
3975,fuzzy,pred.fish,reach,NA,steelhead,spawner
3979,thalweg,length,reach,1974.885,NA,NA
3979,thalweg,length,main,533.949,NA,NA
3979,nrei,area,reach,17638.44,steelhead,juvenile
3979,nrei,area,suitable,299.44,steelhead,juvenile
3979,nrei,area,best,299.43,steelhead,juvenile
3979,nrei,pred.fish,suitable,2169,steelhead,juvenile
3979,nrei,pred.fish,best,1690,steelhead,juvenile
3979,nrei,pred.fish,reach,3859,steelhead,juvenile
3979,fuzzy,area,reach,12573.31,chinook,spawner
3979,fuzzy,area,suitable,2241.83,chinook,spawner
3979,fuzzy,area,best,71.34,chinook,spawner
3979,fuzzy,pred.fish,suitable,47,chinook,spawner
3979,fuzzy,pred.fish,best,2,chinook,spawner
3979,fuzzy,pred.fish,reach,49,chinook,spawner
3979,fuzzy,area,reach,12573.31,steelhead,spawner
3979,fuzzy,area,suitable,2162.75,steelhead,spawner
3979,fuzzy,area,best,71.34,steelhead,spawner
3979,fuzzy,pred.fish,suitable,64,steelhead,spawner
3979,fuzzy,pred.fish,best,3,steelhead,spawner
3979,fuzzy,pred.fish,reach,67,steelhead,spawner
3983,thalweg,length,reach,359.113,NA,NA
3983,thalweg,length,main,278.717,NA,NA
3983,nrei,area,reach,2855.88,steelhead,juvenile
3983,nrei,area,suitable,158.54,steelhead,juvenile
3983,nrei,area,best,158.54,steelhead,juvenile
3983,nrei,pred.fish,suitable,454,steelhead,juvenile
3983,nrei,pred.fish,best,434,steelhead,juvenile
3983,nrei,pred.fish,reach,888,steelhead,juvenile
3983,fuzzy,area,reach,2759.95,chinook,spawner
3983,fuzzy,area,suitable,27.53,chinook,spawner
3983,fuzzy,area,best,0,chinook,spawner
3983,fuzzy,pred.fish,suitable,NA,chinook,spawner
3983,fuzzy,pred.fish,reach,NA,chinook,spawner
3983,fuzzy,area,reach,2759.95,steelhead,spawner
3983,fuzzy,area,suitable,27.94,steelhead,spawner
3983,fuzzy,area,best,0,steelhead,spawner
3983,fuzzy,pred.fish,suitable,NA,steelhead,spawner
3983,fuzzy,pred.fish,reach,NA,steelhead,spawner
3991,thalweg,length,reach,141.718,NA,NA
3991,thalweg,length,main,108.002,NA,NA
3991,nrei,area,reach,364.96,steelhead,juvenile
3991,nrei,area,suitable,19.71,steelhead,juvenile
3991,nrei,area,best,19.54,steelhead,juvenile
3991,nrei,pred.fish,suitable,23,steelhead,juvenile
3991,nrei,pred.fish,best,39,steelhead,juvenile
3991,nrei,pred.fish,reach,62,steelhead,juvenile
3991,fuzzy,area,reach,348.68,chinook,spawner
3991,fuzzy,area,suitable,49.93,chinook,spawner
3991,fuzzy,area,best,5.49,chinook,spawner
3991,fuzzy,pred.fish,suitable,1,chinook,spawner
3991,fuzzy,pred.fish,best,0,chinook,spawner
3991,fuzzy,pred.fish,reach,1,chinook,spawner
3991,fuzzy,area,reach,348.68,steelhead,spawner
3991,fuzzy,area,suitable,46.43,steelhead,spawner
3991,fuzzy,area,best,5.49,steelhead,spawner
3991,fuzzy,pred.fish,suitable,1,steelhead,spawner
3991,fuzzy,pred.fish,best,0,steelhead,spawner
3991,fuzzy,pred.fish,reach,1,steelhead,spawner
4000,thalweg,length,reach,913.696,NA,NA
4000,thalweg,length,main,462.288,NA,NA
4000,nrei,area,reach,9044.32,steelhead,juvenile
4000,nrei,area,suitable,418.86,steelhead,juvenile
4000,nrei,area,best,418.85,steelhead,juvenile
4000,nrei,pred.fish,suitable,1588,steelhead,juvenile
4000,nrei,pred.fish,best,1064,steelhead,juvenile
4000,nrei,pred.fish,reach,2652,steelhead,juvenile
4000,fuzzy,area,reach,8722.04,chinook,spawner
4000,fuzzy,area,suitable,3819.91,chinook,spawner
4000,fuzzy,area,best,347.94,chinook,spawner
4000,fuzzy,pred.fish,suitable,75,chinook,spawner
4000,fuzzy,pred.fish,best,11,chinook,spawner
4000,fuzzy,pred.fish,reach,86,chinook,spawner
4000,fuzzy,area,reach,8722.04,steelhead,spawner
4000,fuzzy,area,suitable,2889.45,steelhead,spawner
4000,fuzzy,area,best,347.94,steelhead,spawner
4000,fuzzy,pred.fish,suitable,85,steelhead,spawner
4000,fuzzy,pred.fish,best,15,steelhead,spawner
4000,fuzzy,pred.fish,reach,100,steelhead,spawner
4024,thalweg,length,reach,855.225,NA,NA
4024,thalweg,length,main,496.284,NA,NA
4024,nrei,area,reach,9753.12,steelhead,juvenile
4024,nrei,area,suitable,394.13,steelhead,juvenile
4024,nrei,area,best,394.12,steelhead,juvenile
4024,nrei,pred.fish,suitable,2614,steelhead,juvenile
4024,nrei,pred.fish,best,2361,steelhead,juvenile
4024,nrei,pred.fish,reach,4975,steelhead,juvenile
4024,fuzzy,area,reach,9445.75,chinook,spawner
4024,fuzzy,area,suitable,778.94,chinook,spawner
4024,fuzzy,area,best,0,chinook,spawner
4024,fuzzy,pred.fish,suitable,13,chinook,spawner
4024,fuzzy,pred.fish,best,0,chinook,spawner
4024,fuzzy,pred.fish,reach,13,chinook,spawner
4024,fuzzy,area,reach,9445.75,steelhead,spawner
4024,fuzzy,area,suitable,778.94,steelhead,spawner
4024,fuzzy,area,best,0,steelhead,spawner
4024,fuzzy,pred.fish,suitable,18,steelhead,spawner
4024,fuzzy,pred.fish,best,0,steelhead,spawner
4024,fuzzy,pred.fish,reach,18,steelhead,spawner
4086,thalweg,length,reach,1314.921,NA,NA
4086,thalweg,length,main,635.147,NA,NA
4086,nrei,area,reach,14422.32,steelhead,juvenile
4086,nrei,area,suitable,480.4,steelhead,juvenile
4086,nrei,area,best,480.39,steelhead,juvenile
4086,nrei,pred.fish,suitable,2368,steelhead,juvenile
4086,nrei,pred.fish,best,2198,steelhead,juvenile
4086,nrei,pred.fish,reach,4566,steelhead,juvenile
4086,fuzzy,area,reach,13559.96,chinook,spawner
4086,fuzzy,area,suitable,5511.34,chinook,spawner
4086,fuzzy,area,best,3466.74,chinook,spawner
4086,fuzzy,pred.fish,suitable,NA,chinook,spawner
4086,fuzzy,pred.fish,reach,NA,chinook,spawner
4086,fuzzy,area,reach,13559.96,steelhead,spawner
4086,fuzzy,area,suitable,5511.34,steelhead,spawner
4086,fuzzy,area,best,3466.74,steelhead,spawner
4086,fuzzy,pred.fish,suitable,176,steelhead,spawner
4086,fuzzy,pred.fish,best,163,steelhead,spawner
4086,fuzzy,pred.fish,reach,339,steelhead,spawner
4147,thalweg,length,reach,962.113,NA,NA
4147,thalweg,length,main,266.035,NA,NA
4147,nrei,area,reach,4765.72,steelhead,juvenile
4147,nrei,area,suitable,199.91,steelhead,juvenile
4147,nrei,area,best,199.9,steelhead,juvenile
4147,nrei,pred.fish,suitable,499,steelhead,juvenile
4147,nrei,pred.fish,best,572,steelhead,juvenile
4147,nrei,pred.fish,reach,1071,steelhead,juvenile
4147,fuzzy,area,reach,NA,chinook,spawner
4147,fuzzy,area,suitable,NA,chinook,spawner
4147,fuzzy,pred.fish,suitable,NA,chinook,spawner
4147,fuzzy,pred.fish,reach,NA,chinook,spawner
4147,fuzzy,area,reach,NA,steelhead,spawner
4147,fuzzy,area,suitable,NA,steelhead,spawner
4147,fuzzy,pred.fish,suitable,NA,steelhead,spawner
4147,fuzzy,pred.fish,reach,NA,steelhead,spawner
4179,thalweg,length,reach,679.452,NA,NA
4179,thalweg,length,main,365.936,NA,NA
4179,nrei,area,reach,4035.44,steelhead,juvenile
4179,nrei,area,suitable,168.44,steelhead,juvenile
4179,nrei,area,best,168.43,steelhead,juvenile
4179,nrei,pred.fish,suitable,528,steelhead,juvenile
4179,nrei,pred.fish,best,455,steelhead,juvenile
4179,nrei,pred.fish,reach,983,steelhead,juvenile
4179,fuzzy,area,reach,NA,chinook,spawner
4179,fuzzy,area,suitable,NA,chinook,spawner
4179,fuzzy,pred.fish,suitable,NA,chinook,spawner
4179,fuzzy,pred.fish,reach,NA,chinook,spawner
4179,fuzzy,area,reach,NA,steelhead,spawner
4179,fuzzy,area,suitable,NA,steelhead,spawner
4179,fuzzy,pred.fish,suitable,NA,steelhead,spawner
4179,fuzzy,pred.fish,reach,NA,steelhead,spawner
4182,thalweg,length,reach,325.446,NA,NA
4182,thalweg,length,main,299.482,NA,NA
4182,nrei,area,reach,3048.96,steelhead,juvenile
4182,nrei,area,suitable,296.53,steelhead,juvenile
4182,nrei,area,best,296.53,steelhead,juvenile
4182,nrei,pred.fish,suitable,461,steelhead,juvenile
4182,nrei,pred.fish,best,494,steelhead,juvenile
4182,nrei,pred.fish,reach,955,steelhead,juvenile
4182,fuzzy,area,reach,2954.17,chinook,spawner
4182,fuzzy,area,suitable,1017.21,chinook,spawner
4182,fuzzy,area,best,0,chinook,spawner
4182,fuzzy,pred.fish,suitable,17,chinook,spawner
4182,fuzzy,pred.fish,best,0,chinook,spawner
4182,fuzzy,pred.fish,reach,17,chinook,spawner
4182,fuzzy,area,reach,2954.17,steelhead,spawner
4182,fuzzy,area,suitable,655.02,steelhead,spawner
4182,fuzzy,area,best,0,steelhead,spawner
4182,fuzzy,pred.fish,suitable,15,steelhead,spawner
4182,fuzzy,pred.fish,best,0,steelhead,spawner
4182,fuzzy,pred.fish,reach,15,steelhead,spawner
547,thalweg,length,reach,183.8,NA,NA
547,thalweg,length,main,131.71,NA,NA
547,nrei,area,reach,323.56,steelhead,juvenile
547,nrei,area,suitable,62.83,steelhead,juvenile
547,nrei,area,best,62.82,steelhead,juvenile
547,nrei,pred.fish,suitable,21,steelhead,juvenile
547,nrei,pred.fish,best,46,steelhead,juvenile
547,nrei,pred.fish,reach,67,steelhead,juvenile
547,fuzzy,area,reach,294.68,chinook,spawner
547,fuzzy,area,suitable,63.29,chinook,spawner
547,fuzzy,area,best,2.54,chinook,spawner
547,fuzzy,pred.fish,suitable,1,chinook,spawner
547,fuzzy,pred.fish,best,0,chinook,spawner
547,fuzzy,pred.fish,reach,1,chinook,spawner
547,fuzzy,area,reach,294.68,steelhead,spawner
547,fuzzy,area,suitable,63.29,steelhead,spawner
547,fuzzy,area,best,2.54,steelhead,spawner
547,fuzzy,pred.fish,suitable,1,steelhead,spawner
547,fuzzy,pred.fish,best,0,steelhead,spawner
547,fuzzy,pred.fish,reach,1,steelhead,spawner
548,thalweg,length,reach,162.625,NA,NA
548,thalweg,length,main,148.904,NA,NA
548,nrei,area,reach,469.48,steelhead,juvenile
548,nrei,area,suitable,84.22,steelhead,juvenile
548,nrei,area,best,82.99,steelhead,juvenile
548,nrei,pred.fish,suitable,44,steelhead,juvenile
548,nrei,pred.fish,best,66,steelhead,juvenile
548,nrei,pred.fish,reach,110,steelhead,juvenile
548,fuzzy,area,reach,443.12,chinook,spawner
548,fuzzy,area,suitable,154.86,chinook,spawner
548,fuzzy,area,best,136.35,chinook,spawner
548,fuzzy,pred.fish,suitable,3,chinook,spawner
548,fuzzy,pred.fish,best,5,chinook,spawner
548,fuzzy,pred.fish,reach,8,chinook,spawner
548,fuzzy,area,reach,443.12,steelhead,spawner
548,fuzzy,area,suitable,154.67,steelhead,spawner
548,fuzzy,area,best,136.35,steelhead,spawner
548,fuzzy,pred.fish,suitable,4,steelhead,spawner
548,fuzzy,pred.fish,best,6,steelhead,spawner
548,fuzzy,pred.fish,reach,10,steelhead,spawner
664,thalweg,length,reach,155.836,NA,NA
664,thalweg,length,main,115.111,NA,NA
664,nrei,area,reach,215.92,steelhead,juvenile
664,nrei,area,suitable,0.47,steelhead,juvenile
664,nrei,area,best,0.46,steelhead,juvenile
664,nrei,pred.fish,suitable,0,steelhead,juvenile
664,nrei,pred.fish,best,1,steelhead,juvenile
664,nrei,pred.fish,reach,1,steelhead,juvenile
664,fuzzy,area,reach,198.47,chinook,spawner
664,fuzzy,area,suitable,5.79,chinook,spawner
664,fuzzy,area,best,0.37,chinook,spawner
664,fuzzy,pred.fish,suitable,NA,chinook,spawner
664,fuzzy,pred.fish,reach,NA,chinook,spawner
664,fuzzy,area,reach,198.47,steelhead,spawner
664,fuzzy,area,suitable,6.37,steelhead,spawner
664,fuzzy,area,best,0.37,steelhead,spawner
664,fuzzy,pred.fish,suitable,NA,steelhead,spawner
664,fuzzy,pred.fish,reach,NA,steelhead,spawner
665,thalweg,length,reach,167.709,NA,NA
665,thalweg,length,main,158.212,NA,NA
665,nrei,area,reach,789.48,steelhead,juvenile
665,nrei,area,suitable,278.5,steelhead,juvenile
665,nrei,area,best,277.84,steelhead,juvenile
665,nrei,pred.fish,suitable,115,steelhead,juvenile
665,nrei,pred.fish,best,129,steelhead,juvenile
665,nrei,pred.fish,reach,244,steelhead,juvenile
665,fuzzy,area,reach,727.66,chinook,spawner
665,fuzzy,area,suitable,434.44,chinook,spawner
665,fuzzy,area,best,10.15,chinook,spawner
665,fuzzy,pred.fish,suitable,8,chinook,spawner
665,fuzzy,pred.fish,best,0,chinook,spawner
665,fuzzy,pred.fish,reach,8,chinook,spawner
665,fuzzy,area,reach,727.66,steelhead,spawner
665,fuzzy,area,suitable,416.36,steelhead,spawner
665,fuzzy,area,best,10.15,steelhead,spawner
665,fuzzy,pred.fish,suitable,11,steelhead,spawner
665,fuzzy,pred.fish,best,0,steelhead,spawner
665,fuzzy,pred.fish,reach,11,steelhead,spawner
681,thalweg,length,reach,432.1,NA,NA
681,thalweg,length,main,263.735,NA,NA
681,nrei,area,reach,2401.36,steelhead,juvenile
681,nrei,area,suitable,144.94,steelhead,juvenile
681,nrei,area,best,144.94,steelhead,juvenile
681,nrei,pred.fish,suitable,490,steelhead,juvenile
681,nrei,pred.fish,best,465,steelhead,juvenile
681,nrei,pred.fish,reach,955,steelhead,juvenile
681,fuzzy,area,reach,2312.99,chinook,spawner
681,fuzzy,area,suitable,918.51,chinook,spawner
681,fuzzy,area,best,256.2,chinook,spawner
681,fuzzy,pred.fish,suitable,21,chinook,spawner
681,fuzzy,pred.fish,best,8,chinook,spawner
681,fuzzy,pred.fish,reach,29,chinook,spawner
681,fuzzy,area,reach,2312.99,steelhead,spawner
681,fuzzy,area,suitable,918.51,steelhead,spawner
681,fuzzy,area,best,256.2,steelhead,spawner
681,fuzzy,pred.fish,suitable,29,steelhead,spawner
681,fuzzy,pred.fish,best,11,steelhead,spawner
681,fuzzy,pred.fish,reach,40,steelhead,spawner
685,thalweg,length,reach,562.033,NA,NA
685,thalweg,length,main,396.314,NA,NA
685,nrei,area,reach,6559.96,steelhead,juvenile
685,nrei,area,suitable,553.58,steelhead,juvenile
685,nrei,area,best,553.58,steelhead,juvenile
685,nrei,pred.fish,suitable,1500,steelhead,juvenile
685,nrei,pred.fish,best,1059,steelhead,juvenile
685,nrei,pred.fish,reach,2559,steelhead,juvenile
685,fuzzy,area,reach,6271.38,chinook,spawner
685,fuzzy,area,suitable,4129.42,chinook,spawner
685,fuzzy,area,best,467.58,chinook,spawner
685,fuzzy,pred.fish,suitable,91,chinook,spawner
685,fuzzy,pred.fish,best,14,chinook,spawner
685,fuzzy,pred.fish,reach,105,chinook,spawner
685,fuzzy,area,reach,6271.38,steelhead,spawner
685,fuzzy,area,suitable,4129.42,steelhead,spawner
685,fuzzy,area,best,467.58,steelhead,spawner
685,fuzzy,pred.fish,suitable,127,steelhead,spawner
685,fuzzy,pred.fish,best,20,steelhead,spawner
685,fuzzy,pred.fish,reach,147,steelhead,spawner
686,thalweg,length,reach,234.852,NA,NA
686,thalweg,length,main,148.07,NA,NA
686,nrei,area,reach,1137.52,steelhead,juvenile
686,nrei,area,suitable,262.79,steelhead,juvenile
686,nrei,area,best,262.09,steelhead,juvenile
686,nrei,pred.fish,suitable,264,steelhead,juvenile
686,nrei,pred.fish,best,193,steelhead,juvenile
686,nrei,pred.fish,reach,457,steelhead,juvenile
686,fuzzy,area,reach,1041.49,chinook,spawner
686,fuzzy,area,suitable,555.79,chinook,spawner
686,fuzzy,area,best,143.06,chinook,spawner
686,fuzzy,pred.fish,suitable,12,chinook,spawner
686,fuzzy,pred.fish,best,4,chinook,spawner
686,fuzzy,pred.fish,reach,16,chinook,spawner
686,fuzzy,area,reach,1041.49,steelhead,spawner
686,fuzzy,area,suitable,555.79,steelhead,spawner
686,fuzzy,area,best,143.06,steelhead,spawner
686,fuzzy,pred.fish,suitable,18,steelhead,spawner
686,fuzzy,pred.fish,best,6,steelhead,spawner
686,fuzzy,pred.fish,reach,24,steelhead,spawner
699,thalweg,length,reach,163.984,NA,NA
699,thalweg,length,main,112.407,NA,NA
699,nrei,area,reach,427.92,steelhead,juvenile
699,nrei,area,suitable,100.29,steelhead,juvenile
699,nrei,area,best,95.86,steelhead,juvenile
699,nrei,pred.fish,suitable,45,steelhead,juvenile
699,nrei,pred.fish,best,78,steelhead,juvenile
699,nrei,pred.fish,reach,123,steelhead,juvenile
699,fuzzy,area,reach,404.8,chinook,spawner
699,fuzzy,area,suitable,241.53,chinook,spawner
699,fuzzy,area,best,65.07,chinook,spawner
699,fuzzy,pred.fish,suitable,6,chinook,spawner
699,fuzzy,pred.fish,best,2,chinook,spawner
699,fuzzy,pred.fish,reach,8,chinook,spawner
699,fuzzy,area,reach,404.8,steelhead,spawner
699,fuzzy,area,suitable,241.53,steelhead,spawner
699,fuzzy,area,best,65.07,steelhead,spawner
699,fuzzy,pred.fish,suitable,8,steelhead,spawner
699,fuzzy,pred.fish,best,3,steelhead,spawner
699,fuzzy,pred.fish,reach,11,steelhead,spawner
701,thalweg,length,reach,148.788,NA,NA
701,thalweg,length,main,103.204,NA,NA
701,nrei,area,reach,382.76,steelhead,juvenile
701,nrei,area,suitable,116.59,steelhead,juvenile
701,nrei,area,best,115.35,steelhead,juvenile
701,nrei,pred.fish,suitable,31,steelhead,juvenile
701,nrei,pred.fish,best,77,steelhead,juvenile
701,nrei,pred.fish,reach,108,steelhead,juvenile
701,fuzzy,area,reach,348.02,chinook,spawner
701,fuzzy,area,suitable,206.31,chinook,spawner
701,fuzzy,area,best,11.11,chinook,spawner
701,fuzzy,pred.fish,suitable,4,chinook,spawner
701,fuzzy,pred.fish,best,0,chinook,spawner
701,fuzzy,pred.fish,reach,4,chinook,spawner
701,fuzzy,area,reach,348.02,steelhead,spawner
701,fuzzy,area,suitable,206.31,steelhead,spawner
701,fuzzy,area,best,11.11,steelhead,spawner
701,fuzzy,pred.fish,suitable,6,steelhead,spawner
701,fuzzy,pred.fish,best,0,steelhead,spawner
701,fuzzy,pred.fish,reach,6,steelhead,spawner
738,thalweg,length,reach,251.972,NA,NA
738,thalweg,length,main,201.388,NA,NA
738,nrei,area,reach,1596.6,steelhead,juvenile
738,nrei,area,suitable,455.31,steelhead,juvenile
738,nrei,area,best,454.65,steelhead,juvenile
738,nrei,pred.fish,suitable,88,steelhead,juvenile
738,nrei,pred.fish,best,170,steelhead,juvenile
738,nrei,pred.fish,reach,258,steelhead,juvenile
738,fuzzy,area,reach,1549.16,chinook,spawner
738,fuzzy,area,suitable,588.78,chinook,spawner
738,fuzzy,area,best,11.92,chinook,spawner
738,fuzzy,pred.fish,suitable,13,chinook,spawner
738,fuzzy,pred.fish,best,0,chinook,spawner
738,fuzzy,pred.fish,reach,13,chinook,spawner
738,fuzzy,area,reach,1549.16,steelhead,spawner
738,fuzzy,area,suitable,589.33,steelhead,spawner
738,fuzzy,area,best,11.92,steelhead,spawner
738,fuzzy,pred.fish,suitable,18,steelhead,spawner
738,fuzzy,pred.fish,best,0,steelhead,spawner
738,fuzzy,pred.fish,reach,18,steelhead,spawner
747,thalweg,length,reach,145.412,NA,NA
747,thalweg,length,main,119.317,NA,NA
747,nrei,area,reach,265.52,steelhead,juvenile
747,nrei,area,suitable,NA,steelhead,juvenile
747,nrei,pred.fish,suitable,NA,steelhead,juvenile
747,nrei,pred.fish,reach,NA,steelhead,juvenile
747,fuzzy,area,reach,NA,chinook,spawner
747,fuzzy,area,suitable,NA,chinook,spawner
747,fuzzy,pred.fish,suitable,NA,chinook,spawner
747,fuzzy,pred.fish,reach,NA,chinook,spawner
747,fuzzy,area,reach,NA,steelhead,spawner
747,fuzzy,area,suitable,NA,steelhead,spawner
747,fuzzy,pred.fish,suitable,NA,steelhead,spawner
747,fuzzy,pred.fish,reach,NA,steelhead,spawner
797,thalweg,length,reach,254.631,NA,NA
797,thalweg,length,main,160.018,NA,NA
797,nrei,area,reach,412.08,steelhead,juvenile
797,nrei,area,suitable,0.04,steelhead,juvenile
797,nrei,area,best,0.04,steelhead,juvenile
797,nrei,pred.fish,suitable,0,steelhead,juvenile
797,nrei,pred.fish,best,1,steelhead,juvenile
797,nrei,pred.fish,reach,1,steelhead,juvenile
797,fuzzy,area,reach,357.86,chinook,spawner
797,fuzzy,area,suitable,7.67,chinook,spawner
797,fuzzy,area,best,0.03,chinook,spawner
797,fuzzy,pred.fish,suitable,NA,chinook,spawner
797,fuzzy,pred.fish,reach,NA,chinook,spawner
797,fuzzy,area,reach,357.86,steelhead,spawner
797,fuzzy,area,suitable,8.36,steelhead,spawner
797,fuzzy,area,best,0.03,steelhead,spawner
797,fuzzy,pred.fish,suitable,NA,steelhead,spawner
797,fuzzy,pred.fish,reach,NA,steelhead,spawner
806,thalweg,length,reach,122.026,NA,NA
806,thalweg,length,main,122.026,NA,NA
806,nrei,area,reach,287.88,steelhead,juvenile
806,nrei,area,suitable,0.08,steelhead,juvenile
806,nrei,area,best,0.08,steelhead,juvenile
806,nrei,pred.fish,suitable,NA,steelhead,juvenile
806,nrei,pred.fish,reach,NA,steelhead,juvenile
806,fuzzy,area,reach,270.15,chinook,spawner
806,fuzzy,area,suitable,13.03,chinook,spawner
806,fuzzy,area,best,0,chinook,spawner
806,fuzzy,pred.fish,suitable,NA,chinook,spawner
806,fuzzy,pred.fish,reach,NA,chinook,spawner
806,fuzzy,area,reach,270.15,steelhead,spawner
806,fuzzy,area,suitable,14.17,steelhead,spawner
806,fuzzy,area,best,0,steelhead,spawner
806,fuzzy,pred.fish,suitable,NA,steelhead,spawner
806,fuzzy,pred.fish,reach,NA,steelhead,spawner
820,thalweg,length,reach,139.826,NA,NA
820,thalweg,length,main,106.802,NA,NA
820,nrei,area,reach,315.92,steelhead,juvenile
820,nrei,area,suitable,14.16,steelhead,juvenile
820,nrei,area,best,14.16,steelhead,juvenile
820,nrei,pred.fish,suitable,1,steelhead,juvenile
820,nrei,pred.fish,best,10,steelhead,juvenile
820,nrei,pred.fish,reach,11,steelhead,juvenile
820,fuzzy,area,reach,279.9,chinook,spawner
820,fuzzy,area,suitable,23.45,chinook,spawner
820,fuzzy,area,best,0.33,chinook,spawner
820,fuzzy,pred.fish,suitable,NA,chinook,spawner
820,fuzzy,pred.fish,reach,NA,chinook,spawner
820,fuzzy,area,reach,279.9,steelhead,spawner
820,fuzzy,area,suitable,23.45,steelhead,spawner
820,fuzzy,area,best,0.33,steelhead,spawner
820,fuzzy,pred.fish,suitable,NA,steelhead,spawner
820,fuzzy,pred.fish,reach,NA,steelhead,spawner
85,thalweg,length,reach,113.437,NA,NA
85,thalweg,length,main,102.381,NA,NA
85,nrei,area,reach,269.6,steelhead,juvenile
85,nrei,area,suitable,37.68,steelhead,juvenile
85,nrei,area,best,37.36,steelhead,juvenile
85,nrei,pred.fish,suitable,21,steelhead,juvenile
85,nrei,pred.fish,best,38,steelhead,juvenile
85,nrei,pred.fish,reach,59,steelhead,juvenile
85,fuzzy,area,reach,NA,chinook,spawner
85,fuzzy,area,suitable,NA,chinook,spawner
85,fuzzy,pred.fish,suitable,NA,chinook,spawner
85,fuzzy,pred.fish,reach,NA,chinook,spawner
85,fuzzy,area,reach,NA,steelhead,spawner
85,fuzzy,area,suitable,NA,steelhead,spawner
85,fuzzy,pred.fish,suitable,NA,steelhead,spawner
85,fuzzy,pred.fish,reach,NA,steelhead,spawner
895,thalweg,length,reach,NA,NA,NA
895,thalweg,length,main,NA,NA,NA
895,nrei,area,reach,NA,steelhead,juvenile
895,nrei,area,suitable,70.48,steelhead,juvenile
895,nrei,area,best,70.47,steelhead,juvenile
895,nrei,pred.fish,suitable,218,steelhead,juvenile
895,nrei,pred.fish,best,232,steelhead,juvenile
895,nrei,pred.fish,reach,450,steelhead,juvenile
895,fuzzy,area,reach,NA,chinook,spawner
895,fuzzy,area,suitable,NA,chinook,spawner
895,fuzzy,pred.fish,suitable,NA,chinook,spawner
895,fuzzy,pred.fish,reach,NA,chinook,spawner
895,fuzzy,area,reach,NA,steelhead,spawner
895,fuzzy,area,suitable,NA,steelhead,spawner
895,fuzzy,pred.fish,suitable,NA,steelhead,spawner
895,fuzzy,pred.fish,reach,NA,steelhead,spawner
916,thalweg,length,reach,578.255,NA,NA
916,thalweg,length,main,326.298,NA,NA
916,nrei,area,reach,4939.12,steelhead,juvenile
916,nrei,area,suitable,134.13,steelhead,juvenile
916,nrei,area,best,134.13,steelhead,juvenile
916,nrei,pred.fish,suitable,386,steelhead,juvenile
916,nrei,pred.fish,best,385,steelhead,juvenile
916,nrei,pred.fish,reach,771,steelhead,juvenile
916,fuzzy,area,reach,4600.25,chinook,spawner
916,fuzzy,area,suitable,1147.15,chinook,spawner
916,fuzzy,area,best,442.82,chinook,spawner
916,fuzzy,pred.fish,suitable,24,chinook,spawner
916,fuzzy,pred.fish,best,14,chinook,spawner
916,fuzzy,pred.fish,reach,38,chinook,spawner
916,fuzzy,area,reach,4600.25,steelhead,spawner
916,fuzzy,area,suitable,1147.15,steelhead,spawner
916,fuzzy,area,best,442.82,steelhead,spawner
916,fuzzy,pred.fish,suitable,34,steelhead,spawner
916,fuzzy,pred.fish,best,20,steelhead,spawner
916,fuzzy,pred.fish,reach,54,steelhead,spawner
920,thalweg,length,reach,286.758,NA,NA
920,thalweg,length,main,159.868,NA,NA
920,nrei,area,reach,903.36,steelhead,juvenile
920,nrei,area,suitable,130.98,steelhead,juvenile
920,nrei,area,best,130.59,steelhead,juvenile
920,nrei,pred.fish,suitable,84,steelhead,juvenile
920,nrei,pred.fish,best,159,steelhead,juvenile
920,nrei,pred.fish,reach,243,steelhead,juvenile
920,fuzzy,area,reach,824.04,chinook,spawner
920,fuzzy,area,suitable,268.49,chinook,spawner
920,fuzzy,area,best,46.28,chinook,spawner
920,fuzzy,pred.fish,suitable,5,chinook,spawner
920,fuzzy,pred.fish,best,1,chinook,spawner
920,fuzzy,pred.fish,reach,6,chinook,spawner
920,fuzzy,area,reach,824.04,steelhead,spawner
920,fuzzy,area,suitable,259.73,steelhead,spawner
920,fuzzy,area,best,48.47,steelhead,spawner
920,fuzzy,pred.fish,suitable,7,steelhead,spawner
920,fuzzy,pred.fish,best,2,steelhead,spawner
920,fuzzy,pred.fish,reach,9,steelhead,spawner
937,thalweg,length,reach,NA,NA,NA
937,thalweg,length,main,NA,NA,NA
937,nrei,area,reach,NA,steelhead,juvenile
937,nrei,area,suitable,NA,steelhead,juvenile
937,nrei,pred.fish,suitable,NA,steelhead,juvenile
937,nrei,pred.fish,reach,NA,steelhead,juvenile
937,fuzzy,area,reach,NA,chinook,spawner
937,fuzzy,area,suitable,NA,chinook,spawner
937,fuzzy,pred.fish,suitable,NA,chinook,spawner
937,fuzzy,pred.fish,reach,NA,chinook,spawner
937,fuzzy,area,reach,NA,steelhead,spawner
937,fuzzy,area,suitable,NA,steelhead,spawner
937,fuzzy,pred.fish,suitable,NA,steelhead,spawner
937,fuzzy,pred.fish,reach,NA,steelhead,spawner
