"RiverStyle","Watershed","ReachName","segmentID","BFWest","Length_m","RS","Condition0","Condition2","Condition1"
"Confined Occasional Floodplain Pockets","Alpowa","AP_06",0,5,51.0914476729,"CV","mod","good","good"
"PC Wandering Gravel Bed","Asotin","NF_03",1,9,335.14706509,"WA","good","intact","good"
"PC Fan Controlled","Asotin","CC_03",2,5,503.005284963,"FC","poor","mod","mod"
"PC Wandering Gravel Bed","Asotin","NF_04",3,9,271.772218757,"WA","mod","good","good"
"PC Planform Controlled (DF)","Asotin","GC_05",4,5,1867.0285796,"PC","mod","good","good"
"Confined Occasional Floodplain Pockets","Couse Creek","CO_05",5,2,2535.38886575,"CV","mod","good","good"
"PC Planform Controlled (DF)","Asotin","SF_01",6,6,44.1362294386,"PC","mod","good","good"
"PC Planform Controlled (DF)","Asotin","SF_03",7,6,23.3544975037,"PC","poor","mod","mod"
"PC Planform Controlled (DF)","Alpowa","AP_05",8,5,1223.748823,"PC","poor","mod","mod"
"PC Planform Controlled (DF)","Asotin","SF_01",9,6,214.208215139,"PC","mod","good","good"
"PC Planform Controlled (DF)","Asotin","CC_05",10,5,494.027808256,"PC","good","intact","good"
"PC Planform Controlled (DF)","Asotin","SF_01",11,6,177.365583806,"PC","mod","good","good"
"PC Planform Controlled (DF)","Alpowa","AP_04",12,6,164.604195784,"PC","poor","mod","mod"
"PC Planform Controlled (DF)","Asotin","GC_04",13,5,1681.82217047,"PC","mod","good","good"
"Confined Steep Headwater","Asotin","NF_06",14,4,45.7967585228,"CV","good","intact","good"
"Confined Occasional Floodplain Pockets","Asotin","LC_02",15,3,83.028419574,"CV","poor","mod","mod"
"PC Fan Controlled","Asotin","CC_03",16,5,14.0462709273,"FC","mod","good","good"
"PC Wandering Gravel Bed","Asotin","NF_03",17,9,101.868591667,"WA","good","intact","good"
"PC Planform Controlled (DF)","Alpowa","PW_01",18,2,641.832864849,"PC","mod","mod","mod"
"Confined Occasional Floodplain Pockets","Alpowa","AP_03",19,6,606.726305918,"CV","poor","mod","mod"
"Confined Occasional Floodplain Pockets","Asotin","AC_04",20,12,546.038688135,"CV","poor","mod","mod"
"PC Planform Controlled (DF)","Asotin","SF_01",21,6,66.3729461097,"PC","mod","good","good"
"PC Planform Controlled (DF)","Asotin","SF_01",22,6,107.40536106,"PC","mod","good","good"
"Confined Occasional Floodplain Pockets","Asotin","LC_02",23,3,153.909018516,"CV","poor","mod","mod"
"Confined Occasional Floodplain Pockets","Asotin","AC_04",24,12,451.426444388,"CV","mod","good","good"
"PC Wandering Gravel Bed","Asotin","NF_05",25,9,161.782386306,"WA","good","intact","good"
"PC Wandering Gravel Bed","Asotin","AC_11",26,10,152.290086727,"WA","mod","good","good"
"PC Planform Controlled (DF)","Asotin","AC_07",27,12,843.594597431,"PC","poor","mod","mod"
"PC Planform Controlled (DF)","Asotin","AC_09",28,12,114.603980249,"PC","mod","good","good"
"Confined Occasional Floodplain Pockets","Alpowa","AP_08",29,2,60.9607292902,"CV","good","intact","good"
"Confined Occasional Floodplain Pockets","Alpowa","AP_08",30,2,199.553059215,"CV","good","intact","good"
"PC Fan Controlled","Asotin","CC_03",31,5,82.9424828671,"FC","mod","good","good"
"PC Wandering Gravel Bed","Asotin","NF_04",32,9,409.220154541,"WA","mod","good","good"
"PC Planform Controlled (DF)","Asotin","SF_03",33,6,110.167285508,"PC","poor","mod","mod"
"Confined Occasional Floodplain Pockets","Alpowa","AP_08",34,2,215.731658989,"CV","good","intact","good"
"PC Planform Controlled (DF)","Asotin","SF_01",35,6,103.068332535,"PC","mod","good","good"
"Confined Occasional Floodplain Pockets","Alpowa","AP_08",36,2,26.1637753747,"CV","good","intact","good"
"PC Wandering Gravel Bed","Asotin","GC_01",37,8,385.028114959,"WA","poor","poor","poor"
"PC Planform Controlled (DF)","Asotin","AC_03",38,12,465.067401733,"PC","poor","mod","mod"
"Confined Occasional Floodplain Pockets","Asotin","AY_01",39,2,1540.36646299,"CV","mod","good","good"
"PC Fan Controlled","Asotin","CC_03",40,5,384.001211958,"FC","mod","good","good"
"Confined Occasional Floodplain Pockets","Alpowa","AP_08",41,2,28.8702565022,"CV","good","intact","good"
"Confined Occasional Floodplain Pockets","Alpowa","AP_08",42,2,10.9954997825,"CV","good","intact","good"
"Confined Occasional Floodplain Pockets","Alpowa","AP_08",43,2,27.5306084102,"CV","good","intact","good"
"Confined Occasional Floodplain Pockets","Asotin","LC_02",44,3,84.092463716,"CV","poor","mod","mod"
"PC Wandering Gravel Bed","Asotin","NF_05",45,9,321.177266392,"WA","good","intact","good"
"Confined Occasional Floodplain Pockets","Asotin","AC_04",46,12,239.465059293,"CV","mod","good","good"
"PC Wandering Gravel Bed","Asotin","GC_01",47,8,523.440481405,"WA","poor","poor","poor"
"LU Alluvial Fan Dissection","Asotin","CC_01",48,5,308.501926406,"AF","mod","good","good"
"PC Planform Controlled (DF)","Asotin","AC_03",49,12,95.5304348525,"PC","poor","mod","mod"
"PC Planform Controlled (DF)","Tenmile Creek","TM_04",50,6,35.1867956356,"PC","mod","good","good"
"PC Planform Controlled (DF)","Asotin","SF_03",51,6,133.499964743,"PC","poor","mod","mod"
"PC Wandering Gravel Bed","Asotin","AC_11",52,10,149.377944913,"WA","mod","good","good"
"PC Planform Controlled (DF)","Asotin","GC_03",53,5,99.485212061,"PC","mod","good","good"
"PC Wandering Gravel Bed","Asotin","NF_05",54,9,345.573890245,"WA","good","intact","good"
"PC Wandering Gravel Bed","Asotin","AC_02",55,16,412.954955594,"WA","poor","mod","mod"
"PC Planform Controlled (DF)","Asotin","SF_01",56,6,306.593030941,"PC","mod","good","good"
"Confined Occasional Floodplain Pockets","Asotin","PC_07",57,2,28.5697009796,"CV","mod","good","good"
"Confined Occasional Floodplain Pockets","Alpowa","AP_08",58,2,244.97190454,"CV","good","intact","good"
"PC Wandering Gravel Bed","Asotin","AC_11",59,10,37.229643014,"WA","mod","good","good"
"Confined Occasional Floodplain Pockets","Alpowa","AP_07",60,5,7.04210912665,"CV","mod","good","good"
"PC Wandering Gravel Bed","Asotin","NF_02",61,9,11.8845042074,"WA","mod","good","good"
"Confined Occasional Floodplain Pockets","Asotin","PC_05",62,2,1054.93584827,"CV","mod","good","good"
"PC Fan Controlled","Couse Creek","CO_02",63,4,1016.89930675,"FC","mod","good","good"
"Confined Occasional Floodplain Pockets","Alpowa","AP_07",64,5,86.297887611,"CV","mod","good","good"
"PC Planform Controlled (DF)","Asotin","SF_01",65,6,120.944245752,"PC","mod","good","good"
"PC Wandering Gravel Bed","Asotin","AC_02",66,16,211.284751331,"WA","poor","mod","mod"
"Confined Occasional Floodplain Pockets","Asotin","GC_06",67,4,82.9569396893,"CV","good","intact","good"
"Confined Occasional Floodplain Pockets","Asotin","GC_06",68,4,1205.48824306,"CV","good","intact","good"
"Confined Occasional Floodplain Pockets","Asotin","PC_07",69,2,85.4384628579,"CV","mod","good","good"
"PC Planform Controlled (DF)","Tenmile Creek","TM_04",70,6,230.479783065,"PC","mod","good","good"
"Confined Occasional Floodplain Pockets","Alpowa","AP_07",71,5,102.859649353,"CV","mod","good","good"
"PC Planform Controlled (DF)","Asotin","NF_06",72,4,577.555538867,"PC","good","intact","good"
"Confined Occasional Floodplain Pockets","Asotin","GC_09",73,2,398.15777437,"CV","good","intact","good"
"Confined Occasional Floodplain Pockets","Alpowa","AP_07",74,5,118.679348455,"CV","mod","good","good"
"PC Wandering Gravel Bed","Asotin","GC_01",75,8,267.332062695,"WA","poor","poor","poor"
"Confined Occasional Floodplain Pockets","Asotin","GC_06",76,4,436.784066229,"CV","good","intact","good"
"PC Fan Controlled","Asotin","CC_03",77,5,29.6774234871,"FC","mod","good","good"
"PC Planform Controlled (DF)","Asotin","CC_05",78,5,741.840257416,"PC","good","intact","good"
"Confined Occasional Floodplain Pockets","Couse Creek","CO_05",79,2,1541.95882612,"CV","mod","good","good"
"PC Wandering Gravel Bed","Asotin","AC_11",80,12,42.1183393925,"WA","mod","good","good"
"PC Planform Controlled (DF)","Asotin","SF_04",81,6,164.675609859,"PC","mod","good","good"
"PC Wandering Gravel Bed","Asotin","NF_02",82,9,172.971580699,"WA","mod","good","good"
"PC Planform Controlled (DF)","Asotin","CC_04",83,5,259.209189959,"PC","mod","good","good"
"Confined Steep Headwater","Asotin","GC_10",84,2,488.287271433,"CV","good","intact","good"
"PC Planform Controlled (DF)","Asotin","GC_04",85,5,77.5680074543,"PC","mod","good","good"
"Confined Occasional Floodplain Pockets","Couse Creek","CO_04",86,3,365.2317376,"CV","good","intact","good"
"Confined Occasional Floodplain Pockets","Asotin","GC_08",87,2,802.98434089,"CV","good","intact","good"
"PC Planform Controlled (DF)","Asotin","SF_01",88,6,163.460768046,"PC","mod","good","good"
"PC Wandering Gravel Bed","Asotin","AC_11",89,12,195.090938458,"WA","good","intact","good"
"Confined Occasional Floodplain Pockets","Couse Creek","CO_04",90,3,461.30226311,"CV","good","intact","good"
"Confined Occasional Floodplain Pockets","Asotin","GC_06",91,4,85.3285639887,"CV","good","intact","good"
"Confined Occasional Floodplain Pockets","Alpowa","AP_06",92,5,51.559262349,"CV","mod","good","good"
"Confined Occasional Floodplain Pockets","Alpowa","AP_06",93,5,247.923135871,"CV","mod","good","good"
"PC Wandering Gravel Bed","Asotin","AC_11",94,12,288.635795924,"WA","mod","good","good"
"Confined Occasional Floodplain Pockets","Asotin","GC_06",95,5,35.3703628342,"CV","good","intact","good"
"Confined Occasional Floodplain Pockets","Asotin","GC_06",96,5,283.821813864,"CV","good","intact","good"
"PC Planform Controlled (DF)","Asotin","SF_01",97,6,35.6554005196,"PC","mod","good","good"
"Confined Occasional Floodplain Pockets","Asotin","GC_06",98,4,58.4521320123,"CV","good","intact","good"
"PC Planform Controlled (DF)","Asotin","GC_03",99,5,96.1532077164,"PC","mod","good","good"
"PC Fan Controlled","Asotin","CC_03",100,5,171.726378347,"FC","mod","good","good"
"Confined Occasional Floodplain Pockets","Asotin","AC_04",101,12,41.9015868723,"CV","mod","good","good"
"PC Planform Controlled (DF)","Alpowa","AP_05",102,5,1133.84663231,"PC","poor","mod","mod"
"PC Wandering Gravel Bed","Asotin","AC_11",103,10,47.3838609706,"WA","mod","good","good"
"PC Planform Controlled (DF)","Asotin","AC_10",104,12,1129.7703827,"PC","mod","good","good"
"Confined Occasional Floodplain Pockets","Asotin","SF_03",105,6,104.480788665,"CV","poor","mod","mod"
"PC Planform Controlled (DF)","Tenmile Creek","TM_02",106,6,72.3326591279,"PC","mod","good","good"
"PC Planform Controlled (DF)","Tenmile Creek","TM_04",107,6,1187.31570445,"PC","mod","good","good"
"LU Alluvial Fan Dissection","Asotin","CC_01",108,5,41.0677684354,"AF","mod","good","good"
"PC Planform Controlled (DF)","Asotin","SF_01",109,6,164.721626579,"PC","mod","good","good"
"Confined Occasional Floodplain Pockets","Asotin","LC_02",110,3,177.827462302,"CV","poor","mod","mod"
"PC Wandering Gravel Bed","Asotin","AC_11",111,10,108.257400007,"WA","mod","good","good"
"Confined Occasional Floodplain Pockets","Asotin","AC_04",112,12,214.684088621,"CV","mod","good","good"
"PC Wandering Gravel Bed","Asotin","AC_11",113,10,24.1341913022,"WA","mod","good","good"
"PC Planform Controlled (DF)","Tenmile Creek","TM_04",114,6,456.019562546,"PC","mod","good","good"
"PC Planform Controlled (DF)","Tenmile Creek","TM_04",115,6,888.999761653,"PC","poor","mod","mod"
"Confined Occasional Floodplain Pockets","Alpowa","AP_03",116,6,70.7264058054,"CV","poor","mod","mod"
"PC Planform Controlled (DF)","Asotin","SF_01",117,6,218.976524611,"PC","mod","good","good"
"PC Planform Controlled (DF)","Alpowa","AP_02",118,6,451.317269415,"PC","poor","mod","mod"
"Confined Steep Headwater","Asotin","GC_07",119,2,745.709780553,"CV","good","intact","good"
"PC Planform Controlled (DF)","Asotin","AC_03",120,12,87.3125533871,"PC","poor","mod","mod"
"PC Planform Controlled (DF)","Alpowa","AP_02",121,6,127.624469565,"PC","poor","mod","mod"
"PC Fan Controlled","Couse Creek","CO_03",122,4,849.864820703,"FC","poor","mod","mod"
"Confined Occasional Floodplain Pockets","Alpowa","PG_01",123,2,1171.33459829,"CV","poor","poor","poor"
"PC Planform Controlled (DF)","Asotin","SF_01",124,6,18.1318667929,"PC","mod","good","good"
"PC Wandering Gravel Bed","Asotin","GC_02",125,5,1831.89560703,"WA","poor","poor","poor"
"PC Planform Controlled (DF)","Asotin","SF_01",126,6,61.4003376053,"PC","mod","good","good"
"LU Alluvial Fan Dissection","Alpowa","AP_01",127,6,365.554628666,"AF","mod","good","good"
"PC Planform Controlled (DF)","Tenmile Creek","TM_04",128,6,1634.77067959,"PC","mod","good","good"
"PC Wandering Gravel Bed","Asotin","AC_11",129,10,82.9315188812,"WA","mod","good","good"
"PC Planform Controlled (DF)","Asotin","SF_05",130,4,726.314150251,"PC","mod","good","good"
"PC Fan Controlled","Asotin","CC_03",131,5,218.106980491,"FC","mod","good","good"
"Confined Occasional Floodplain Pockets","Asotin","PC_05",132,3,1841.22249301,"CV","mod","good","good"
"PC Fan Controlled","Couse Creek","CO_02",133,4,142.151365621,"FC","mod","good","good"
"Confined Occasional Floodplain Pockets","Asotin","GC_06",134,5,144.228076313,"CV","good","intact","good"
"PC Planform Controlled (DF)","Asotin","SF_03",135,6,173.893366352,"PC","poor","mod","mod"
"PC Fan Controlled","Couse Creek","CO_02",136,4,751.737957165,"FC","mod","good","good"
"Confined Occasional Floodplain Pockets","Alpowa","AP_08",137,2,177.791820303,"CV","good","intact","good"
"PC Planform Controlled (DF)","Asotin","AC_03",138,12,1961.00459147,"PC","poor","mod","mod"
"Confined Occasional Floodplain Pockets","Asotin","AC_04",139,12,22.1885224388,"CV","mod","good","good"
"PC Wandering Gravel Bed","Asotin","GC_02",140,5,503.061626112,"WA","poor","poor","poor"
"Confined Occasional Floodplain Pockets","Alpowa","AP_08",141,2,50.3726784945,"CV","good","intact","good"
"PC Planform Controlled (DF)","Asotin","NF_06",142,4,24.6739309695,"PC","good","intact","good"
"PC Planform Controlled (DF)","Asotin","AC_09",143,12,164.779591317,"PC","mod","good","good"
"Confined Occasional Floodplain Pockets","Alpowa","AP_08",144,2,151.322110591,"CV","good","intact","good"
"PC Fan Controlled","Asotin","CC_03",145,5,44.5367388715,"FC","mod","good","good"
"PC Planform Controlled (DF)","Asotin","GC_03",146,5,601.711059156,"PC","mod","good","good"
"PC Planform Controlled (DF)","Asotin","NF_06",147,4,124.417156491,"PC","good","intact","good"
"PC Wandering Gravel Bed","Asotin","AC_11",148,10,215.932567078,"WA","mod","good","good"
"PC Planform Controlled (DF)","Asotin","AC_07",149,12,213.021267453,"PC","poor","mod","mod"
"Confined Occasional Floodplain Pockets","Alpowa","AP_08",150,2,93.0993849174,"CV","good","intact","good"
"PC Wandering Gravel Bed","Asotin","GC_01",151,8,135.432060309,"WA","poor","poor","poor"
"PC Wandering Gravel Bed","Asotin","NF_05",152,9,427.373466096,"WA","good","intact","good"
"PC Wandering Gravel Bed","Asotin","NF_01",153,9,95.0871979072,"WA","mod","good","good"
"Confined Occasional Floodplain Pockets","Asotin","GC_09",154,2,1674.05282495,"CV","good","intact","good"
"PC Wandering Gravel Bed","Asotin","NF_01",155,9,56.0980652954,"WA","mod","good","good"
"Confined Occasional Floodplain Pockets","Asotin","LC_02",156,3,58.4845878265,"CV","poor","mod","mod"
"PC Wandering Gravel Bed","Asotin","NF_05",157,9,779.363537743,"WA","good","intact","good"
"PC Planform Controlled (DF)","Asotin","CC_04",158,5,740.463216972,"PC","mod","good","good"
"Confined Occasional Floodplain Pockets","Asotin","GC_06",159,5,199.601931265,"CV","good","intact","good"
"Confined Occasional Floodplain Pockets","Alpowa","AP_07",160,5,38.9156019984,"CV","mod","good","good"
"PC Wandering Gravel Bed","Asotin","GC_01",161,8,35.5163232763,"WA","poor","poor","poor"
"Confined Occasional Floodplain Pockets","Alpowa","AP_07",162,5,153.373697153,"CV","mod","good","good"
"PC Planform Controlled (DF)","Asotin","SF_04",163,6,110.175631546,"PC","mod","good","good"
"PC Planform Controlled (DF)","Asotin","SF_01",164,6,112.802074929,"PC","mod","good","good"
"PC Planform Controlled (DF)","Asotin","SF_01",165,6,90.8688384019,"PC","mod","good","good"
"Confined Occasional Floodplain Pockets","Asotin","PC_06",166,2,425.259165,"CV","poor","mod","mod"
"PC Planform Controlled (DF)","Asotin","SF_01",167,6,14.7869559352,"PC","mod","good","good"
"PC Fan Controlled","Asotin","SF_02",168,6,124.855917173,"FC","mod","good","good"
"PC Planform Controlled (DF)","Asotin","GC_05",169,5,945.411074284,"PC","mod","good","good"
"PC Planform Controlled (DF)","Asotin","SF_01",170,6,157.086337504,"PC","mod","good","good"
"PC Planform Controlled (DF)","Asotin","AC_05",171,12,189.258418937,"PC","mod","good","good"
"Confined Steep Headwater","Asotin","GC_07",172,2,1534.5423589,"CV","good","intact","good"
"Confined Occasional Floodplain Pockets","Asotin","GC_06",173,5,15.8142003235,"CV","good","intact","good"
"PC Planform Controlled (DF)","Asotin","SF_01",174,6,63.8137814027,"PC","mod","good","good"
"Confined Occasional Floodplain Pockets","Alpowa","AP_07",175,5,28.6092203531,"CV","mod","good","good"
"PC Wandering Gravel Bed","Asotin","AC_11",176,10,359.664512937,"WA","mod","good","good"
"PC Wandering Gravel Bed","Asotin","GC_01",177,8,20.6064022687,"WA","poor","poor","poor"
"PC Planform Controlled (DF)","Asotin","SF_04",178,6,381.573570835,"PC","mod","good","good"
"PC Wandering Gravel Bed","Asotin","AC_11",179,10,116.334186673,"WA","mod","good","good"
"PC Planform Controlled (DF)","Asotin","SF_01",180,6,77.7085663508,"PC","mod","good","good"
"Confined Occasional Floodplain Pockets","Asotin","PC_07",181,2,335.455715366,"CV","mod","good","good"
"PC Planform Controlled (DF)","Asotin","SF_01",182,6,353.611259122,"PC","mod","good","good"
"PC Wandering Gravel Bed","Asotin","AC_11",183,10,77.7123051954,"WA","mod","good","good"
"PC Planform Controlled (DF)","Asotin","CC_04",184,5,534.198851713,"PC","mod","good","good"
"PC Wandering Gravel Bed","Asotin","AC_11",185,10,229.365649062,"WA","mod","good","good"
"Confined Occasional Floodplain Pockets","Alpowa","AP_06",186,5,954.630073418,"CV","mod","good","good"
"PC Planform Controlled (DF)","Asotin","SF_04",187,6,339.380989269,"PC","mod","good","good"
"PC Planform Controlled (DF)","Asotin","SF_03",188,6,65.4781991071,"PC","poor","mod","mod"
"PC Planform Controlled (DF)","Asotin","CC_05",189,5,46.271879576,"PC","good","intact","good"
"PC Planform Controlled (DF)","Asotin","SF_03",190,6,53.3400348562,"PC","poor","mod","mod"
"Confined Steep Headwater","Asotin","GC_07",191,2,430.118831082,"CV","good","intact","good"
"PC Fan Controlled","Asotin","CC_03",192,5,558.438277525,"FC","mod","good","good"
"Confined Occasional Floodplain Pockets","Asotin","GC_06",193,5,171.254636859,"CV","good","intact","good"
"Confined Occasional Floodplain Pockets","Alpowa","AP_06",194,5,335.032879337,"CV","mod","good","good"
"PC Planform Controlled (DF)","Asotin","SF_01",195,6,59.3185728766,"PC","mod","good","good"
"PC Planform Controlled (DF)","Asotin","NF_06",196,4,412.983790107,"PC","good","intact","good"
"Confined Occasional Floodplain Pockets","Tenmile Creek","TM_05",197,4,3192.19019395,"CV","good","intact","good"
"PC Planform Controlled (DF)","Asotin","CC_02",198,5,140.265501229,"PC","poor","mod","mod"
"Confined Occasional Floodplain Pockets","Asotin","GC_06",199,5,577.646646395,"CV","good","intact","good"
"PC Planform Controlled (DF)","Tenmile Creek","TM_02",200,6,1269.5751949,"PC","poor","mod","mod"
"Confined Occasional Floodplain Pockets","Asotin","GC_06",201,5,307.342805174,"CV","good","intact","good"
"Confined Occasional Floodplain Pockets","Asotin","GC_06",202,5,162.392374018,"CV","good","intact","good"
"PC Planform Controlled (DF)","Asotin","CC_02",203,5,95.1469306723,"PC","poor","mod","mod"
"PC Planform Controlled (DF)","Asotin","SF_01",204,6,113.005341616,"PC","mod","good","good"
"Confined Occasional Floodplain Pockets","Asotin","PC_03",205,5,846.312327042,"CV","mod","good","good"
"PC Fan Controlled","Asotin","CC_03",206,5,91.1448898498,"FC","mod","good","good"
"Confined Steep Headwater","Asotin","GC_10",207,2,591.44608912,"CV","good","intact","good"
"PC Wandering Gravel Bed","Asotin","NF_05",208,9,95.3106468251,"WA","good","intact","good"
"PC Planform Controlled (DF)","Asotin","SF_05",209,4,129.638792697,"PC","mod","good","good"
"PC Planform Controlled (DF)","Asotin","SF_04",210,6,212.803667399,"PC","mod","good","good"
"Confined Steep Headwater","Asotin","GC_10",211,2,411.869227861,"CV","good","intact","good"
"PC Planform Controlled (DF)","Asotin","AC_07",212,12,111.100818698,"PC","mod","good","good"
"PC Planform Controlled (DF)","Asotin","SF_04",213,6,244.882029606,"PC","mod","good","good"
"PC Wandering Gravel Bed","Asotin","NF_02",214,9,326.831438021,"WA","mod","good","good"
"PC Planform Controlled (DF)","Asotin","CC_02",215,5,385.00909586,"PC","poor","mod","mod"
"PC Wandering Gravel Bed","Asotin","AC_11",216,12,649.246287744,"WA","mod","good","good"
"PC Wandering Gravel Bed","Asotin","NF_05",217,9,262.271545872,"WA","good","intact","good"
"Confined Occasional Floodplain Pockets","Asotin","GC_09",218,2,304.245169444,"CV","good","intact","good"
"PC Planform Controlled (DF)","Asotin","SF_01",219,6,62.6015529285,"PC","mod","good","good"
"Confined Occasional Floodplain Pockets","Asotin","PC_06",220,2,625.172853879,"CV","poor","mod","mod"
"PC Planform Controlled (DF)","Asotin","CC_02",221,5,111.24676003,"PC","mod","good","good"
"Confined Occasional Floodplain Pockets","Asotin","GC_06",222,4,469.541682791,"CV","good","intact","good"
"PC Fan Controlled","Asotin","CC_03",223,5,215.881934106,"FC","mod","good","good"
"PC Planform Controlled (DF)","Asotin","AC_07",224,12,917.15971333,"PC","poor","mod","mod"
"PC Fan Controlled","Asotin","CC_03",225,5,257.872768266,"FC","poor","mod","mod"
"PC Wandering Gravel Bed","Asotin","NF_04",226,9,470.104868044,"WA","mod","good","good"
"PC Planform Controlled (DF)","Alpowa","AP_04",227,6,625.599430944,"PC","poor","mod","mod"
"PC Wandering Gravel Bed","Asotin","AC_02",228,16,256.377384965,"WA","poor","mod","mod"
"PC Planform Controlled (DF)","Alpowa","PW_01",229,2,365.145768853,"PC","mod","mod","mod"
"PC Wandering Gravel Bed","Asotin","NF_02",230,9,19.8276199805,"WA","mod","good","good"
"PC Wandering Gravel Bed","Asotin","GC_01",231,8,332.741908548,"WA","poor","poor","poor"
"PC Planform Controlled (DF)","Asotin","SF_01",232,6,6.16948603707,"PC","mod","good","good"
"Confined Occasional Floodplain Pockets","Alpowa","AP_03",233,6,382.495765635,"CV","poor","mod","mod"
"PC Planform Controlled (DF)","Asotin","SF_04",234,6,30.8241696617,"PC","mod","good","good"
"PC Wandering Gravel Bed","Asotin","AC_11",235,10,84.2967963904,"WA","mod","good","good"
"PC Planform Controlled (DF)","Asotin","GC_05",236,5,60.5565129136,"PC","mod","good","good"
"PC Planform Controlled (DF)","Alpowa","PW_01",237,2,1264.59794979,"PC","poor","poor","poor"
"PC Planform Controlled (DF)","Tenmile Creek","TM_04",238,6,156.896413401,"PC","mod","good","good"
"Confined Occasional Floodplain Pockets","Asotin","PC_03",239,3,986.322648514,"CV","mod","good","good"
"PC Planform Controlled (DF)","Asotin","GC_05",240,5,239.559055577,"PC","mod","good","good"
"Confined Occasional Floodplain Pockets","Alpowa","AP_03",241,6,86.7286403689,"CV","poor","mod","mod"
"Confined Occasional Floodplain Pockets","Asotin","AC_04",242,12,122.904650188,"CV","mod","good","good"
"PC Planform Controlled (DF)","Asotin","CC_02",243,5,348.275225333,"PC","poor","mod","mod"
"PC Wandering Gravel Bed","Asotin","AC_11",244,10,110.314172884,"WA","mod","good","good"
"PC Wandering Gravel Bed","Asotin","GC_01",245,8,2.50485471428,"WA","poor","poor","poor"
"Confined Occasional Floodplain Pockets","Asotin","PC_05",246,2,180.919314068,"CV","mod","good","good"
"Confined Occasional Floodplain Pockets","Asotin","LC_02",247,3,1201.9649979,"CV","poor","mod","mod"
"PC Planform Controlled (DF)","Alpowa","AP_02",248,6,96.4243179191,"PC","poor","mod","mod"
"PC Planform Controlled (DF)","Alpowa","AP_02",249,6,94.796044896,"PC","poor","mod","mod"
"PC Planform Controlled (DF)","Asotin","CC_05",250,5,608.885489024,"PC","good","intact","good"
"Confined Occasional Floodplain Pockets","Asotin","LC_02",251,3,733.402271147,"CV","poor","mod","mod"
"PC Wandering Gravel Bed","Asotin","NF_05",252,9,462.940367944,"WA","good","intact","good"
"PC Fan Controlled","Asotin","SF_02",253,6,119.459172538,"FC","mod","good","good"
"PC Fan Controlled","Asotin","CC_03",254,5,85.9978882029,"FC","poor","mod","mod"
"Bedrock Canyon","Asotin","AC_06",255,12,295.939532662,"CV","mod","mod","mod"
"PC Fan Controlled","Asotin","CC_03",256,5,457.814767974,"FC","mod","good","good"
"Confined Occasional Floodplain Pockets","Asotin","PC_05",257,2,971.412337413,"CV","mod","good","good"
"PC Wandering Gravel Bed","Asotin","GC_01",258,8,185.69788425,"WA","poor","poor","poor"
"PC Wandering Gravel Bed","Asotin","GC_01",259,8,4.52506414808,"WA","poor","poor","poor"
"PC Planform Controlled (DF)","Asotin","SF_04",260,6,159.239598299,"PC","mod","good","good"
"PC Wandering Gravel Bed","Asotin","NF_05",261,9,397.43045645,"WA","good","intact","good"
"Confined Occasional Floodplain Pockets","Alpowa","AP_08",262,2,61.1690858006,"CV","good","intact","good"
"PC Wandering Gravel Bed","Asotin","NF_05",263,9,791.203100386,"WA","good","intact","good"
"Confined Occasional Floodplain Pockets","Alpowa","AP_08",264,2,105.17872526,"CV","good","intact","good"
"Confined Occasional Floodplain Pockets","Alpowa","AP_08",265,2,71.1920691587,"CV","good","intact","good"
"Confined Occasional Floodplain Pockets","Alpowa","AP_08",266,2,26.9050199985,"CV","good","intact","good"
"Confined Occasional Floodplain Pockets","Alpowa","AP_08",267,2,184.310014362,"CV","good","intact","good"
"PC Planform Controlled (DF)","Asotin","AC_03",268,12,202.92343122,"PC","poor","mod","mod"
"PC Planform Controlled (DF)","Asotin","SF_05",269,4,606.520349152,"PC","mod","good","good"
"PC Wandering Gravel Bed","Asotin","NF_05",270,9,193.602978035,"WA","good","intact","good"
"Confined Occasional Floodplain Pockets","Alpowa","AP_07",271,5,169.464695295,"CV","mod","good","good"
"PC Wandering Gravel Bed","Asotin","NF_02",272,9,33.8388686372,"WA","mod","good","good"
"Confined Occasional Floodplain Pockets","Alpowa","AP_07",273,5,39.0109317233,"CV","mod","good","good"
"Confined Occasional Floodplain Pockets","Alpowa","AP_07",274,5,163.418028847,"CV","mod","good","good"
"Confined Occasional Floodplain Pockets","Alpowa","AP_07",275,5,83.0758079366,"CV","mod","good","good"
"Confined Occasional Floodplain Pockets","Asotin","AC_04",276,12,456.979138996,"CV","mod","good","good"
"Confined Occasional Floodplain Pockets","Alpowa","AP_07",277,5,34.7431578956,"CV","mod","good","good"
"Confined Occasional Floodplain Pockets","Alpowa","AP_07",278,5,31.6723730892,"CV","mod","good","good"
"Confined Occasional Floodplain Pockets","Alpowa","AP_07",279,5,154.445094542,"CV","mod","good","good"
"Confined Occasional Floodplain Pockets","Alpowa","AP_07",280,5,56.1877785903,"CV","mod","good","good"
"PC Planform Controlled (DF)","Asotin","SF_01",281,6,220.762504211,"PC","mod","good","good"
"PC Planform Controlled (DF)","Asotin","CC_02",282,5,386.640531315,"PC","mod","good","good"
"Confined Occasional Floodplain Pockets","Alpowa","AP_07",283,5,42.7624175505,"CV","mod","good","good"
"PC Planform Controlled (DF)","Asotin","NF_06",284,4,853.030855177,"PC","good","intact","good"
"Confined Occasional Floodplain Pockets","Alpowa","AP_07",285,5,109.363543179,"CV","mod","good","good"
"Confined Occasional Floodplain Pockets","Alpowa","AP_07",286,5,186.438695811,"CV","mod","good","good"
"Confined Occasional Floodplain Pockets","Alpowa","AP_07",287,5,210.820379868,"CV","mod","good","good"
"Confined Occasional Floodplain Pockets","Alpowa","AP_06",288,5,482.542630968,"CV","mod","good","good"
"Confined Occasional Floodplain Pockets","Alpowa","AP_06",289,5,38.7291851453,"CV","mod","good","good"
"Confined Occasional Floodplain Pockets","Alpowa","AP_07",290,5,35.449056819,"CV","mod","good","good"
"Confined Occasional Floodplain Pockets","Alpowa","AP_07",291,5,301.91119543,"CV","mod","good","good"
"Confined Occasional Floodplain Pockets","Asotin","LC_02",292,3,132.62911434,"CV","poor","mod","mod"
"LU Alluvial Fan Dissection","Asotin","LC_01",293,3,307.674974988,"AF","poor","mod","mod"
"Confined Occasional Floodplain Pockets","Alpowa","AP_06",294,5,86.5710536343,"CV","mod","good","good"
"Confined Occasional Floodplain Pockets","Alpowa","AP_06",295,5,61.8889493665,"CV","mod","good","good"
"PC Planform Controlled (DF)","Asotin","AC_09",296,12,174.858966249,"PC","mod","good","good"
"PC Planform Controlled (DF)","Asotin","NF_06",297,4,855.238179421,"PC","good","intact","good"
"PC Wandering Gravel Bed","Asotin","AC_11",298,10,288.941922309,"WA","mod","good","good"
"Confined Occasional Floodplain Pockets","Alpowa","AP_07",299,5,395.934952617,"CV","mod","good","good"
"PC Fan Controlled","Asotin","SF_02",300,6,33.8935821506,"FC","mod","good","good"
"Confined Occasional Floodplain Pockets","Alpowa","AP_06",301,5,68.2370911117,"CV","mod","good","good"
"Confined Occasional Floodplain Pockets","Alpowa","AP_06",302,5,993.410803246,"CV","mod","good","good"
"PC Planform Controlled (DF)","Alpowa","AP_05",303,5,1136.15306273,"PC","poor","mod","mod"
"PC Planform Controlled (DF)","Alpowa","AP_04",304,6,514.488710267,"PC","poor","mod","mod"
"Confined Occasional Floodplain Pockets","Alpowa","AP_03",305,6,476.946222397,"CV","poor","mod","mod"
"Confined Occasional Floodplain Pockets","Alpowa","AP_03",306,6,269.31648738,"CV","poor","mod","mod"
"Confined Occasional Floodplain Pockets","Alpowa","AP_06",307,5,245.492908042,"CV","mod","good","good"
"Confined Occasional Floodplain Pockets","Alpowa","AP_03",308,6,188.247447073,"CV","poor","mod","mod"
"Confined Occasional Floodplain Pockets","Asotin","GC_08",309,2,456.663350774,"CV","good","intact","good"
"PC Wandering Gravel Bed","Asotin","AC_02",310,16,190.794842028,"WA","poor","mod","mod"
"Confined Occasional Floodplain Pockets","Alpowa","AP_03",311,6,326.14502234,"CV","poor","mod","mod"
"PC Wandering Gravel Bed","Asotin","NF_02",312,9,140.675504921,"WA","mod","good","good"
"Confined Occasional Floodplain Pockets","Couse Creek","CO_04",313,3,1052.71819727,"CV","good","intact","good"
"PC Planform Controlled (DF)","Asotin","CC_02",314,5,189.318698799,"PC","poor","mod","mod"
"Confined Occasional Floodplain Pockets","Alpowa","AP_06",315,5,75.695484325,"CV","mod","good","good"
"Confined Occasional Floodplain Pockets","Alpowa","AP_08",316,2,215.575328466,"CV","good","intact","good"
"Confined Occasional Floodplain Pockets","Alpowa","AP_08",317,2,31.3735903224,"CV","good","intact","good"
"Confined Occasional Floodplain Pockets","Alpowa","AP_08",318,2,108.230876259,"CV","good","intact","good"
"Confined Occasional Floodplain Pockets","Alpowa","AP_08",319,2,27.366957229,"CV","good","intact","good"
"Confined Occasional Floodplain Pockets","Alpowa","AP_08",320,2,47.3027111057,"CV","good","intact","good"
"Confined Occasional Floodplain Pockets","Alpowa","AP_07",321,5,363.282855622,"CV","mod","good","good"
"Confined Occasional Floodplain Pockets","Alpowa","AP_07",322,5,141.268941621,"CV","mod","good","good"
"Confined Occasional Floodplain Pockets","Asotin","AC_04",323,12,71.6259331234,"CV","mod","good","good"
"PC Wandering Gravel Bed","Asotin","AC_11",324,10,29.961889788,"WA","mod","good","good"
"Confined Occasional Floodplain Pockets","Alpowa","AP_07",325,5,195.858403901,"CV","mod","good","good"
"Confined Occasional Floodplain Pockets","Alpowa","AP_07",326,5,62.9310025945,"CV","mod","good","good"
"Confined Occasional Floodplain Pockets","Alpowa","AP_07",327,5,110.599235145,"CV","mod","good","good"
"LU Alluvial Fan Dissection","Alpowa","AP_01",328,6,516.430868208,"AF","mod","good","good"
"PC Planform Controlled (DF)","Asotin","SF_04",329,6,263.418092222,"PC","mod","good","good"
"PC Wandering Gravel Bed","Asotin","NF_03",330,9,580.566394403,"WA","good","intact","good"
"PC Planform Controlled (DF)","Asotin","CC_02",331,5,43.6945293796,"PC","mod","good","good"
"Confined Occasional Floodplain Pockets","Alpowa","AP_07",332,5,236.34667957,"CV","mod","good","good"
"Confined Occasional Floodplain Pockets","Alpowa","AP_06",333,5,397.978680613,"CV","mod","good","good"
"PC Wandering Gravel Bed","Asotin","AC_02",334,16,801.004213481,"WA","poor","mod","mod"
"PC Fan Controlled","Asotin","SF_02",335,6,168.811628512,"FC","poor","mod","mod"
"PC Planform Controlled (DF)","Tenmile Creek","TM_02",336,6,579.634143003,"PC","mod","good","good"
"Confined Steep Headwater","Asotin","GC_10",337,2,268.709692566,"CV","good","intact","good"
"PC Wandering Gravel Bed","Asotin","NF_05",338,9,173.97696198,"WA","good","intact","good"
"Confined Occasional Floodplain Pockets","Alpowa","AP_08",339,2,87.9858161683,"CV","good","intact","good"
"Confined Occasional Floodplain Pockets","Alpowa","AP_08",340,2,49.9103089818,"CV","good","intact","good"
"Confined Occasional Floodplain Pockets","Alpowa","AP_08",341,2,163.936721831,"CV","good","intact","good"
"Confined Occasional Floodplain Pockets","Asotin","PC_05",342,2,484.288903729,"CV","mod","good","good"
"Confined Occasional Floodplain Pockets","Alpowa","AP_06",343,5,58.0679828917,"CV","mod","good","good"
"PC Planform Controlled (DF)","Asotin","SF_05",344,4,468.239923088,"PC","mod","good","good"
"Confined Occasional Floodplain Pockets","Alpowa","AP_06",345,5,937.155570023,"CV","mod","good","good"
"Confined Occasional Floodplain Pockets","Asotin","GC_06",346,4,724.410466343,"CV","good","intact","good"
"Confined Occasional Floodplain Pockets","Alpowa","AP_08",347,2,130.215680833,"CV","good","intact","good"
"Confined Occasional Floodplain Pockets","Asotin","GC_06",348,5,179.519569086,"CV","good","intact","good"
"Confined Occasional Floodplain Pockets","Alpowa","AP_08",349,2,51.4559850933,"CV","good","intact","good"
"PC Planform Controlled (DF)","Asotin","AC_09",350,12,174.499608618,"PC","mod","good","good"
"PC Wandering Gravel Bed","Asotin","NF_05",351,9,272.261981379,"WA","good","intact","good"
"PC Planform Controlled (DF)","Alpowa","AP_05",352,5,1253.08760781,"PC","poor","mod","mod"
"PC Planform Controlled (DF)","Asotin","SF_04",353,6,81.0214693873,"PC","mod","good","good"
"PC Planform Controlled (DF)","Asotin","SF_01",354,6,87.3212272644,"PC","mod","good","good"
"PC Planform Controlled (DF)","Alpowa","PW_01",355,2,145.328106811,"PC","mod","mod","mod"
"Confined Occasional Floodplain Pockets","Alpowa","AP_08",356,2,273.93168382,"CV","good","intact","good"
"PC Planform Controlled (DF)","Asotin","AC_09",357,12,212.651471031,"PC","mod","good","good"
"Confined Occasional Floodplain Pockets","Alpowa","AP_03",358,6,2033.85663798,"CV","poor","mod","mod"
"PC Planform Controlled (DF)","Alpowa","AP_02",359,6,1437.55688466,"PC","poor","mod","mod"
"PC Planform Controlled (DF)","Alpowa","AP_02",360,6,928.246456043,"PC","poor","mod","mod"
"PC Planform Controlled (DF)","Alpowa","AP_02",361,6,219.030565518,"PC","poor","mod","mod"
"Confined Occasional Floodplain Pockets","Alpowa","AP_07",362,5,24.221981174,"CV","mod","good","good"
"PC Planform Controlled (DF)","Alpowa","AP_02",363,6,140.948178653,"PC","poor","mod","mod"
"PC Planform Controlled (DF)","Alpowa","AP_02",364,6,105.686449413,"PC","mod","good","good"
"Confined Steep Headwater","Asotin","GC_07",365,2,983.229028819,"CV","good","intact","good"
"PC Planform Controlled (DF)","Asotin","SF_05",366,4,12.6888484797,"PC","mod","good","good"
"Confined Occasional Floodplain Pockets","Alpowa","AP_07",367,5,110.127166639,"CV","mod","good","good"
"PC Planform Controlled (DF)","Asotin","SF_04",368,6,168.011720811,"PC","mod","good","good"
"PC Wandering Gravel Bed","Asotin","AC_02",369,16,945.241656736,"WA","poor","mod","mod"
"PC Wandering Gravel Bed","Asotin","PC_01",370,5,553.374070931,"WA","poor","poor","poor"
"Confined Occasional Floodplain Pockets","Alpowa","AP_08",371,2,40.3864569228,"CV","good","intact","good"
"PC Planform Controlled (DF)","Asotin","CC_02",372,5,119.027720727,"PC","poor","mod","mod"
"Confined Occasional Floodplain Pockets","Alpowa","AP_08",373,2,144.19152175,"CV","good","intact","good"
"PC Planform Controlled (DF)","Asotin","SF_01",374,6,172.014384786,"PC","mod","good","good"
"Confined Occasional Floodplain Pockets","Alpowa","AP_08",375,2,435.255075882,"CV","good","intact","good"
"Bedrock Canyon","Asotin","AC_06",376,12,514.330242476,"CV","mod","mod","mod"
"PC Planform Controlled (DF)","Asotin","AC_05",377,12,369.30349621,"PC","mod","good","good"
"Confined Occasional Floodplain Pockets","Asotin","GC_06",378,4,637.474389591,"CV","good","intact","good"
"Confined Occasional Floodplain Pockets","Alpowa","AP_08",379,2,109.411411947,"CV","good","intact","good"
"Confined Occasional Floodplain Pockets","Alpowa","AP_07",380,5,355.18163255,"CV","mod","good","good"
"Confined Occasional Floodplain Pockets","Asotin","GC_06",381,5,911.822711319,"CV","good","intact","good"
"Confined Occasional Floodplain Pockets","Alpowa","AP_07",382,5,107.339103744,"CV","mod","good","good"
"Confined Occasional Floodplain Pockets","Alpowa","AP_07",383,5,104.519318619,"CV","mod","good","good"
"Confined Occasional Floodplain Pockets","Alpowa","AP_07",384,5,38.3568235243,"CV","mod","good","good"
"Confined Occasional Floodplain Pockets","Asotin","GC_06",385,4,137.660541858,"CV","good","intact","good"
"Confined Occasional Floodplain Pockets","Alpowa","AP_07",386,5,132.193453906,"CV","mod","good","good"
"Confined Occasional Floodplain Pockets","Asotin","GC_09",387,2,163.822905079,"CV","good","intact","good"
"Confined Occasional Floodplain Pockets","Alpowa","AP_06",388,5,44.060995644,"CV","mod","good","good"
"PC Planform Controlled (DF)","Alpowa","AP_05",389,5,1048.73866552,"PC","mod","good","good"
"PC Wandering Gravel Bed","Asotin","NF_02",390,9,360.664969031,"WA","mod","good","good"
"Confined Occasional Floodplain Pockets","Alpowa","AP_06",391,5,180.786853162,"CV","mod","good","good"
"Confined Occasional Floodplain Pockets","Alpowa","AP_06",392,5,56.3426296451,"CV","mod","good","good"
"PC Wandering Gravel Bed","Asotin","AC_11",393,12,794.023723902,"WA","mod","good","good"
"Confined Occasional Floodplain Pockets","Alpowa","ST_01",394,2,632.601942406,"CV","poor","poor","poor"
"PC Planform Controlled (DF)","Asotin","CC_02",395,5,12.587149397,"PC","poor","mod","mod"
"Confined Occasional Floodplain Pockets","Alpowa","AP_03",396,6,201.783943548,"CV","poor","mod","mod"
"PC Planform Controlled (DF)","Alpowa","PW_01",397,2,936.069705529,"PC","poor","poor","poor"
"PC Planform Controlled (DF)","Asotin","CC_02",398,5,111.262806889,"PC","poor","mod","mod"
"PC Planform Controlled (DF)","Asotin","GC_03",399,5,626.221226428,"PC","mod","good","good"
"PC Planform Controlled (DF)","Asotin","SF_04",400,6,134.106683495,"PC","mod","good","good"
"Confined Occasional Floodplain Pockets","Tenmile Creek","TM_06",401,3,3491.56314681,"CV","good","intact","good"
"PC Planform Controlled (DF)","Asotin","SF_01",402,6,32.2070117786,"PC","mod","good","good"
"Confined Occasional Floodplain Pockets","Asotin","LC_02",403,3,187.26238922,"CV","poor","mod","mod"
"Confined Occasional Floodplain Pockets","Asotin","LC_02",404,3,95.8945986002,"CV","poor","mod","mod"
"PC Planform Controlled (DF)","Alpowa","AP_02",405,6,5.36932755122,"PC","poor","mod","mod"
"PC Planform Controlled (DF)","Asotin","CC_05",406,5,75.63414562,"PC","good","intact","good"
"PC Wandering Gravel Bed","Asotin","NF_05",407,9,184.654454113,"WA","good","intact","good"
"LU Alluvial Fan Dissection","Alpowa","AP_01",408,6,134.082411096,"AF","mod","good","good"
"PC Wandering Gravel Bed","Asotin","NF_05",409,9,60.2351265233,"WA","good","intact","good"
"PC Planform Controlled (DF)","Asotin","CC_04",410,5,286.728543051,"PC","mod","good","good"
"Confined Steep Headwater","Asotin","GC_07",411,2,230.935509838,"CV","good","intact","good"
"Confined Occasional Floodplain Pockets","Asotin","PC_07",412,2,70.5291391225,"CV","mod","good","good"
"PC Planform Controlled (DF)","Asotin","AC_08",413,12,166.611932499,"PC","mod","good","good"
"Confined Occasional Floodplain Pockets","Asotin","PC_06",414,2,46.2681573256,"CV","poor","mod","mod"
"Confined Occasional Floodplain Pockets","Alpowa","AP_08",415,2,219.978176762,"CV","good","intact","good"
"Confined Occasional Floodplain Pockets","Asotin","GC_06",416,5,46.5566558438,"CV","good","intact","good"
"PC Planform Controlled (DF)","Asotin","SF_04",417,6,100.446959397,"PC","mod","good","good"
"Confined Occasional Floodplain Pockets","Alpowa","AP_08",418,2,65.5131031121,"CV","good","intact","good"
"PC Wandering Gravel Bed","Asotin","GC_01",419,8,107.315486866,"WA","poor","poor","poor"
"PC Wandering Gravel Bed","Asotin","NF_03",420,9,22.4100734749,"WA","good","intact","good"
"Confined Occasional Floodplain Pockets","Alpowa","AP_08",421,2,113.145060932,"CV","good","intact","good"
"PC Planform Controlled (DF)","Asotin","CC_02",422,5,32.0544420265,"PC","mod","good","good"
"PC Fan Controlled","Asotin","CC_03",423,5,13.5014956192,"FC","poor","mod","mod"
"Confined Occasional Floodplain Pockets","Couse Creek","CO_04",424,3,706.446989517,"CV","good","intact","good"
"Confined Occasional Floodplain Pockets","Asotin","GC_06",425,5,838.247008493,"CV","mod","mod","mod"
"PC Wandering Gravel Bed","Asotin","NF_01",426,9,401.609838052,"WA","mod","good","good"
"PC Planform Controlled (DF)","Tenmile Creek","TM_04",427,6,308.497730857,"PC","mod","good","good"
"PC Fan Controlled","Asotin","CC_03",428,5,144.685978264,"FC","mod","good","good"
"PC Planform Controlled (DF)","Tenmile Creek","TM_04",429,6,2149.60864065,"PC","poor","mod","mod"
"PC Fan Controlled","Couse Creek","CO_03",430,4,907.686618776,"FC","poor","mod","mod"
"PC Planform Controlled (DF)","Asotin","SF_01",431,6,542.058093195,"PC","mod","good","good"
"Confined Occasional Floodplain Pockets","Alpowa","AP_07",432,5,60.9047276969,"CV","mod","good","good"
"Confined Occasional Floodplain Pockets","Asotin","GC_06",433,5,36.1207109751,"CV","good","intact","good"
"Bedrock Canyon","Asotin","AC_06",434,12,677.187630078,"CV","mod","mod","mod"
"PC Planform Controlled (DF)","Asotin","SF_05",435,4,80.1926844604,"PC","mod","good","good"
"PC Fan Controlled","Couse Creek","CO_03",436,4,223.177649203,"FC","poor","mod","mod"
"Confined Occasional Floodplain Pockets","Alpowa","AP_07",437,5,81.8974583638,"CV","mod","good","good"
"PC Wandering Gravel Bed","Asotin","GC_02",438,5,496.926018744,"WA","poor","poor","poor"
"Confined Occasional Floodplain Pockets","Asotin","PC_07",439,2,1494.1028133,"CV","mod","good","good"
"Confined Steep Headwater","Asotin","GC_07",440,2,338.377385875,"CV","good","intact","good"
"Confined Occasional Floodplain Pockets","Asotin","PC_04",441,3,1415.69683882,"CV","poor","mod","mod"
"PC Planform Controlled (DF)","Asotin","SF_04",442,6,371.531407477,"PC","mod","good","good"
"Confined Occasional Floodplain Pockets","Asotin","LC_02",443,3,262.006067698,"CV","poor","mod","mod"
"Confined Occasional Floodplain Pockets","Asotin","LC_02",444,3,244.995807929,"CV","poor","mod","mod"
"Confined Occasional Floodplain Pockets","Asotin","PC_04",445,3,508.315733114,"CV","poor","mod","mod"
"PC Planform Controlled (DF)","Asotin","CC_02",446,5,111.399541367,"PC","mod","good","good"
"PC Wandering Gravel Bed","Asotin","AC_11",447,12,564.260473757,"WA","good","intact","good"
"PC Wandering Gravel Bed","Asotin","NF_03",448,9,540.505489626,"WA","good","intact","good"
"Confined Occasional Floodplain Pockets","Asotin","KC_01",449,2,739.736599408,"CV","mod","good","good"
"PC Planform Controlled (DF)","Tenmile Creek","TM_02",450,6,678.199393912,"PC","mod","good","good"
"PC Planform Controlled (DF)","Alpowa","PW_01",451,2,117.382388783,"PC","mod","mod","mod"
"PC Planform Controlled (DF)","Alpowa","AP_02",452,6,511.5990982,"PC","poor","mod","mod"
"Confined Steep Headwater","Asotin","GC_10",453,2,164.247191455,"CV","good","intact","good"
"PC Wandering Gravel Bed","Asotin","GC_01",454,8,77.9796476708,"WA","poor","poor","poor"
"PC Planform Controlled (DF)","Asotin","AC_09",455,12,419.229673004,"PC","mod","good","good"
"PC Wandering Gravel Bed","Asotin","NF_03",456,9,270.305629944,"WA","good","intact","good"
"PC Planform Controlled (DF)","Tenmile Creek","TM_04",457,6,2109.82116237,"PC","mod","good","good"
"Confined Occasional Floodplain Pockets","Asotin","PC_04",458,3,270.839093649,"CV","poor","mod","mod"
"PC Wandering Gravel Bed","Asotin","NF_02",459,9,423.550257137,"WA","mod","good","good"
"PC Planform Controlled (DF)","Asotin","SF_05",460,4,394.658746043,"PC","mod","good","good"
"PC Planform Controlled (DF)","Asotin","SF_03",461,6,159.814071301,"PC","poor","mod","mod"
"Confined Steep Headwater","Asotin","GC_07",462,2,665.400774865,"CV","good","intact","good"
"PC Planform Controlled (DF)","Asotin","AC_08",463,12,317.22906082,"PC","mod","good","good"
"PC Wandering Gravel Bed","Asotin","AC_02",464,16,175.619939658,"WA","poor","mod","mod"
"PC Planform Controlled (DF)","Tenmile Creek","TM_02",465,6,603.440146812,"PC","poor","mod","mod"
"PC Planform Controlled (DF)","Tenmile Creek","TM_04",466,6,358.954775623,"PC","mod","good","good"
"LU Alluvial Fan Dissection","Tenmile Creek","TM_01",467,6,366.406986171,"AF","poor","mod","mod"
"PC Fan Controlled","Asotin","CC_03",468,5,364.043469952,"FC","poor","mod","mod"
"PC Planform Controlled (DF)","Asotin","AC_03",469,12,467.546468809,"PC","poor","mod","mod"
"PC Wandering Gravel Bed","Asotin","NF_02",470,9,386.966256663,"WA","mod","good","good"
"Confined Occasional Floodplain Pockets","Asotin","GC_06",471,5,292.491448556,"CV","good","intact","good"
"PC Fan Controlled","Couse Creek","CO_03",472,4,536.855164623,"FC","poor","mod","mod"
"Confined Occasional Floodplain Pockets","Couse Creek","CO_06",473,2,565.792875104,"CV","poor","mod","mod"
"LU Alluvial Fan Dissection","Couse Creek","CO_01",474,4,91.6350843519,"AF","mod","good","good"
"Confined Occasional Floodplain Pockets","Asotin","LC_02",475,3,104.905214606,"CV","poor","mod","mod"
"Confined Occasional Floodplain Pockets","Alpowa","AP_06",476,5,520.952047056,"CV","mod","good","good"
"PC Planform Controlled (DF)","Alpowa","PW_01",477,2,191.656297248,"PC","mod","mod","mod"
"Confined Occasional Floodplain Pockets","Asotin","KC_02",478,2,1534.53683834,"CV","mod","good","good"
"Confined Steep Headwater","Asotin","GC_10",479,2,569.515947396,"CV","good","intact","good"
"Confined Occasional Floodplain Pockets","Tenmile Creek","TM_07",480,2,2710.29583901,"CV","good","intact","good"
"Confined Occasional Floodplain Pockets","Tenmile Creek","TM_08",481,2,1567.21464682,"CV","mod","good","good"
"Confined Occasional Floodplain Pockets","Tenmile Creek","TM_06",482,2,486.268946083,"CV","good","intact","good"
"PC Planform Controlled (DF)","Asotin","NF_07",483,3,510.47783813,"PC","good","intact","good"
"PC Wandering Gravel Bed","Asotin","NF_01",484,9,282.435190386,"WA","mod","good","good"
"PC Fan Controlled","Asotin","CC_03",485,5,404.306853451,"FC","poor","mod","mod"
"PC Wandering Gravel Bed","Asotin","AC_11",486,12,90.1494004794,"WA","mod","good","good"
"PC Planform Controlled (DF)","Asotin","SF_01",487,6,150.334841344,"PC","mod","good","good"
"PC Planform Controlled (DF)","Asotin","CC_05",488,5,66.675826136,"PC","good","intact","good"
"PC Fan Controlled","Asotin","CC_03",489,5,616.550762708,"FC","poor","mod","mod"
"Confined Occasional Floodplain Pockets","Asotin","PC_05",490,3,1363.65813004,"CV","mod","good","good"
"PC Planform Controlled (DF)","Asotin","AC_07",491,12,321.505823923,"PC","poor","mod","mod"
"Confined Occasional Floodplain Pockets","Tenmile Creek","TM_06",492,3,1228.60985962,"CV","good","intact","good"
"PC Wandering Gravel Bed","Asotin","PC_01",493,5,422.241611583,"WA","poor","poor","poor"
"PC Wandering Gravel Bed","Asotin","NF_01",494,9,469.078754412,"WA","mod","good","good"
"Confined Occasional Floodplain Pockets","Asotin","PC_05",495,3,1660.21659286,"CV","mod","good","good"
"PC Planform Controlled (DF)","Asotin","SF_04",496,6,97.1430634863,"PC","mod","good","good"
"PC Wandering Gravel Bed","Asotin","NF_04",497,9,317.632135855,"WA","mod","good","good"
"PC Planform Controlled (DF)","Asotin","SF_04",498,6,166.55619372,"PC","mod","good","good"
"PC Planform Controlled (DF)","Asotin","SF_01",499,6,111.493536511,"PC","mod","good","good"
"PC Planform Controlled (DF)","Asotin","SF_01",500,6,116.730000145,"PC","mod","good","good"
"Confined Occasional Floodplain Pockets","Asotin","LC_02",501,3,7.568311105,"CV","poor","mod","mod"
"PC Wandering Gravel Bed","Asotin","NF_05",502,9,506.61835153,"WA","good","intact","good"
"Confined Occasional Floodplain Pockets","Asotin","LC_02",503,3,88.5953670678,"CV","poor","mod","mod"
"Confined Occasional Floodplain Pockets","Couse Creek","CO_06",504,2,225.321066756,"CV","poor","mod","mod"
"PC Planform Controlled (DF)","Asotin","NF_06",505,4,795.509603562,"PC","good","intact","good"
"PC Wandering Gravel Bed","Asotin","NF_02",506,9,333.018952136,"WA","mod","good","good"
"Confined Occasional Floodplain Pockets","Asotin","LC_02",507,3,900.616175814,"CV","poor","mod","mod"
"PC Planform Controlled (DF)","Asotin","SF_01",508,6,145.788805088,"PC","mod","good","good"
"PC Planform Controlled (DF)","Tenmile Creek","TM_04",509,6,684.897077523,"PC","mod","good","good"
"Confined Occasional Floodplain Pockets","Asotin","PC_03",510,5,120.453941672,"CV","mod","good","good"
"PC Planform Controlled (DF)","Asotin","SF_01",511,6,73.2739556948,"PC","mod","good","good"
"LU Alluvial Fan Dissection","Asotin","CC_01",512,5,237.172777722,"AF","mod","good","good"
"PC Planform Controlled (DF)","Asotin","NF_06",513,4,361.32262691,"PC","good","intact","good"
"Confined Steep Headwater","Asotin","GC_10",514,2,1677.41786367,"CV","good","intact","good"
"PC Wandering Gravel Bed","Asotin","NF_05",515,9,587.361976159,"WA","good","intact","good"
"PC Fan Controlled","Asotin","CC_03",516,5,504.988035191,"FC","poor","mod","mod"
"PC Wandering Gravel Bed","Asotin","AC_02",517,16,170.403760069,"WA","poor","mod","mod"
"PC Planform Controlled (DF)","Asotin","GC_03",518,5,41.2997265536,"PC","mod","good","good"
"Confined Steep Headwater","Asotin","GC_10",519,2,971.691577295,"CV","good","intact","good"
"PC Fan Controlled","Asotin","CC_03",520,5,674.377817488,"FC","mod","good","good"
"Confined Occasional Floodplain Pockets","Asotin","GC_08",521,2,1040.60095306,"CV","good","intact","good"
"Confined Occasional Floodplain Pockets","Asotin","LC_02",522,3,40.6137033033,"CV","poor","mod","mod"
"PC Wandering Gravel Bed","Asotin","NF_05",523,9,104.523749526,"WA","good","intact","good"
"Confined Occasional Floodplain Pockets","Asotin","PC_06",524,2,64.6776975165,"CV","poor","mod","mod"
"PC Wandering Gravel Bed","Asotin","AC_11",525,12,24.6957199832,"WA","mod","good","good"
"PC Planform Controlled (DF)","Asotin","SF_01",526,6,114.543099949,"PC","mod","good","good"
"Confined Occasional Floodplain Pockets","Asotin","AC_04",527,12,31.0703046553,"CV","mod","good","good"
"PC Wandering Gravel Bed","Asotin","AC_11",528,10,72.3036754846,"WA","mod","good","good"
"PC Planform Controlled (DF)","Tenmile Creek","TM_04",529,6,156.501592657,"PC","mod","good","good"
"PC Planform Controlled (DF)","Asotin","SF_01",530,6,84.4224987464,"PC","mod","good","good"
"PC Planform Controlled (DF)","Asotin","AC_03",531,12,231.074955227,"PC","poor","mod","mod"
"Confined Occasional Floodplain Pockets","Asotin","PC_05",532,3,1063.22640904,"CV","mod","good","good"
"PC Wandering Gravel Bed","Asotin","GC_01",533,8,69.2882252622,"WA","poor","poor","poor"
"Confined Occasional Floodplain Pockets","Asotin","PC_03",534,5,385.584285229,"CV","mod","good","good"
"PC Planform Controlled (DF)","Asotin","GC_04",535,5,73.3277331171,"PC","mod","good","good"
"Confined Occasional Floodplain Pockets","Asotin","PC_03",536,5,117.884316071,"CV","mod","good","good"
"Confined Occasional Floodplain Pockets","Asotin","PC_05",537,2,830.672319669,"CV","mod","good","good"
"PC Wandering Gravel Bed","Asotin","AC_02",538,16,185.530158601,"WA","poor","mod","mod"
"Confined Occasional Floodplain Pockets","Asotin","PC_07",539,2,537.478841291,"CV","mod","good","good"
"Confined Occasional Floodplain Pockets","Asotin","PC_06",540,2,507.197980258,"CV","poor","mod","mod"
"PC Wandering Gravel Bed","Asotin","NF_05",541,9,527.074908805,"WA","good","intact","good"
"PC Planform Controlled (DF)","Asotin","GC_03",542,5,326.03470855,"PC","mod","good","good"
"Confined Steep Headwater","Asotin","GC_10",543,2,655.095048018,"CV","good","intact","good"
"PC Planform Controlled (DF)","Asotin","SF_01",544,6,28.2180468595,"PC","mod","good","good"
"Confined Occasional Floodplain Pockets","Asotin","LC_02",545,3,721.10785093,"CV","poor","mod","mod"
"PC Wandering Gravel Bed","Asotin","NF_05",546,9,349.9703939,"WA","good","intact","good"
"Confined Occasional Floodplain Pockets","Asotin","LC_02",547,3,118.689654347,"CV","poor","mod","mod"
"PC Fan Controlled","Asotin","CC_03",548,5,241.638663278,"FC","poor","mod","mod"
"PC Planform Controlled (DF)","Asotin","NF_06",549,4,556.210298724,"PC","good","intact","good"
"PC Planform Controlled (DF)","Asotin","SF_03",550,6,108.947037412,"PC","poor","mod","mod"
"PC Planform Controlled (DF)","Asotin","CC_02",551,5,237.488948097,"PC","poor","mod","mod"
"PC Planform Controlled (DF)","Asotin","GC_05",552,5,54.1631900358,"PC","mod","good","good"
"Bedrock Canyon","Asotin","AC_06",553,12,94.4762318981,"CV","mod","mod","mod"
"PC Planform Controlled (DF)","Asotin","CC_02",554,5,27.2694702698,"PC","poor","mod","mod"
"Confined Occasional Floodplain Pockets","Tenmile Creek","TM_06",555,3,873.736721522,"CV","good","intact","good"
"PC Planform Controlled (DF)","Asotin","AC_09",556,12,107.487337617,"PC","mod","good","good"
"Confined Occasional Floodplain Pockets","Asotin","PC_05",557,3,967.655281897,"CV","mod","good","good"
"PC Planform Controlled (DF)","Asotin","SF_01",558,6,90.0272399643,"PC","mod","good","good"
"PC Planform Controlled (DF)","Asotin","GC_05",559,5,2700.84077912,"PC","mod","good","good"
"PC Planform Controlled (DF)","Asotin","CC_02",560,5,264.420751444,"PC","mod","good","good"
"PC Fan Controlled","Asotin","CC_03",561,5,84.0781822763,"FC","poor","mod","mod"
"PC Planform Controlled (DF)","Asotin","SF_04",562,6,208.471704409,"PC","mod","good","good"
"PC Wandering Gravel Bed","Asotin","GC_01",563,8,55.6971229224,"WA","poor","poor","poor"
"PC Wandering Gravel Bed","Asotin","AC_11",564,10,36.0464171082,"WA","mod","good","good"
"PC Planform Controlled (DF)","Asotin","SF_01",565,6,80.1073547244,"PC","mod","good","good"
"PC Fan Controlled","Couse Creek","CO_03",566,4,652.865821927,"FC","poor","mod","mod"
"PC Planform Controlled (DF)","Asotin","GC_05",567,5,41.8179505662,"PC","mod","good","good"
"PC Planform Controlled (DF)","Asotin","CC_05",568,5,121.910849873,"PC","good","intact","good"
"PC Wandering Gravel Bed","Asotin","NF_05",569,9,388.128240959,"WA","good","intact","good"
"PC Planform Controlled (DF)","Asotin","NF_08",570,4,565.802637807,"PC","good","intact","good"
"PC Wandering Gravel Bed","Asotin","AC_11",571,10,56.2390939741,"WA","mod","good","good"
"Confined Occasional Floodplain Pockets","Asotin","GC_06",572,5,533.322856621,"CV","good","intact","good"
"PC Planform Controlled (DF)","Tenmile Creek","TM_04",573,6,981.296984974,"PC","mod","good","good"
"PC Fan Controlled","Asotin","CC_03",574,5,72.0056506097,"FC","poor","mod","mod"
"PC Planform Controlled (DF)","Asotin","SF_01",575,6,6.02935055077,"PC","mod","good","good"
"PC Planform Controlled (DF)","Asotin","SF_04",576,6,120.329488503,"PC","mod","good","good"
"Confined Occasional Floodplain Pockets","Tenmile Creek","TM_06",577,3,394.68637904,"CV","mod","mod","mod"
"PC Fan Controlled","Asotin","CC_03",578,5,127.142568239,"FC","mod","good","good"
"PC Fan Controlled","Asotin","CC_03",579,5,120.505416238,"FC","poor","mod","mod"
"PC Wandering Gravel Bed","Asotin","GC_01",580,8,154.706425975,"WA","poor","poor","poor"
"PC Planform Controlled (DF)","Asotin","NF_06",581,4,328.272848343,"PC","good","intact","good"
"PC Wandering Gravel Bed","Asotin","NF_04",582,9,42.4857679836,"WA","mod","good","good"
"PC Wandering Gravel Bed","Asotin","AC_11",583,10,30.5101832793,"WA","mod","good","good"
"PC Planform Controlled (DF)","Asotin","GC_03",584,5,86.6907209766,"PC","mod","good","good"
"Confined Occasional Floodplain Pockets","Asotin","LC_02",585,3,178.615640329,"CV","poor","mod","mod"
"Confined Occasional Floodplain Pockets","Asotin","GC_06",586,4,225.477113245,"CV","good","intact","good"
"PC Planform Controlled (DF)","Asotin","AC_09",587,12,53.2763115776,"PC","mod","good","good"
"PC Planform Controlled (DF)","Asotin","AC_07",588,12,804.453540573,"PC","mod","good","good"
"PC Wandering Gravel Bed","Asotin","NF_03",589,9,128.918988762,"WA","good","intact","good"
"PC Fan Controlled","Asotin","CC_03",590,5,602.149161864,"FC","mod","good","good"
"PC Planform Controlled (DF)","Asotin","SF_05",591,4,110.674762679,"PC","mod","good","good"
"PC Planform Controlled (DF)","Asotin","SF_04",592,6,118.045057237,"PC","mod","good","good"
"PC Planform Controlled (DF)","Asotin","CC_02",593,5,45.2402933412,"PC","poor","mod","mod"
"PC Wandering Gravel Bed","Asotin","NF_02",594,9,142.747440466,"WA","mod","good","good"
"PC Wandering Gravel Bed","Asotin","AC_02",595,16,1143.22813377,"WA","poor","mod","mod"
"PC Fan Controlled","Asotin","CC_03",596,5,134.032644015,"FC","poor","mod","mod"
"Confined Steep Headwater","Asotin","GC_07",597,2,713.117209846,"CV","good","intact","good"
"Confined Occasional Floodplain Pockets","Asotin","GC_08",598,2,210.765777385,"CV","good","intact","good"
"PC Wandering Gravel Bed","Asotin","GC_01",599,8,61.6999089666,"WA","poor","poor","poor"
"PC Planform Controlled (DF)","Asotin","AC_08",600,12,500.093119824,"PC","mod","good","good"
"PC Planform Controlled (DF)","Asotin","NF_06",601,4,324.552488215,"PC","good","intact","good"
"LU Alluvial Fan Dissection","Asotin","AC_01",602,16,640.527602702,"AF","poor","mod","mod"
"PC Fan Controlled","Asotin","CC_03",603,5,190.757515727,"FC","mod","good","good"
"Confined Occasional Floodplain Pockets","Asotin","GC_06",604,5,186.464745022,"CV","good","intact","good"
"PC Wandering Gravel Bed","Asotin","GC_01",605,8,796.061762494,"WA","poor","poor","poor"
"PC Planform Controlled (DF)","Asotin","SF_04",606,6,201.437450099,"PC","mod","good","good"
"PC Planform Controlled (DF)","Asotin","CC_05",607,5,514.412220379,"PC","good","intact","good"
"PC Planform Controlled (DF)","Tenmile Creek","TM_04",608,6,375.500013553,"PC","mod","good","good"
"Confined Occasional Floodplain Pockets","Asotin","AC_04",609,12,219.043361087,"CV","mod","good","good"
"Confined Occasional Floodplain Pockets","Asotin","GC_06",610,5,136.767493339,"CV","good","intact","good"
"PC Planform Controlled (DF)","Asotin","NF_06",611,4,118.909582587,"PC","good","intact","good"
"PC Planform Controlled (DF)","Asotin","SF_04",612,6,219.478768667,"PC","mod","good","good"
"PC Fan Controlled","Asotin","CC_03",613,5,85.059547319,"FC","mod","good","good"
"PC Planform Controlled (DF)","Tenmile Creek","TM_04",614,6,466.962688691,"PC","poor","mod","mod"
"PC Planform Controlled (DF)","Asotin","SF_01",615,6,32.6585586175,"PC","mod","good","good"
"PC Fan Controlled","Asotin","CC_03",616,5,166.910779418,"FC","poor","mod","mod"
"PC Planform Controlled (DF)","Asotin","SF_04",617,6,95.200758135,"PC","mod","good","good"
"PC Wandering Gravel Bed","Asotin","NF_05",618,9,722.965840677,"WA","good","intact","good"
"PC Planform Controlled (DF)","Asotin","GC_03",619,5,22.0501981429,"PC","mod","good","good"
"PC Planform Controlled (DF)","Asotin","GC_05",620,5,2011.53143229,"PC","mod","good","good"
"Confined Occasional Floodplain Pockets","Couse Creek","CO_04",621,3,554.675700292,"CV","good","intact","good"
"Confined Occasional Floodplain Pockets","Asotin","LC_02",622,3,26.5032537501,"CV","poor","mod","mod"
"PC Planform Controlled (DF)","Asotin","SF_04",623,6,16.68010629,"PC","mod","good","good"
"PC Wandering Gravel Bed","Asotin","GC_01",624,8,171.05156807,"WA","poor","poor","poor"
"Confined Occasional Floodplain Pockets","Asotin","GC_06",625,5,95.9608089243,"CV","good","intact","good"
"PC Planform Controlled (DF)","Tenmile Creek","TM_04",626,6,569.354836088,"PC","poor","mod","mod"
"PC Wandering Gravel Bed","Asotin","NF_02",627,9,1112.17858027,"WA","mod","good","good"
"PC Wandering Gravel Bed","Asotin","NF_04",628,9,101.024105425,"WA","mod","good","good"
"PC Planform Controlled (DF)","Asotin","SF_01",629,6,338.115855666,"PC","mod","good","good"
"Confined Occasional Floodplain Pockets","Asotin","GC_06",630,5,145.596839072,"CV","good","intact","good"
"PC Planform Controlled (DF)","Asotin","SF_03",631,6,253.171829345,"PC","poor","mod","mod"
"PC Planform Controlled (DF)","Asotin","GC_03",632,5,52.7902384264,"PC","mod","good","good"
"PC Planform Controlled (DF)","Asotin","SF_05",633,4,221.659370542,"PC","mod","good","good"
"PC Planform Controlled (DF)","Asotin","AC_03",634,12,410.680182173,"PC","poor","mod","mod"
"Confined Occasional Floodplain Pockets","Tenmile Creek","TM_03",635,6,1034.35968162,"CV","mod","good","good"
"PC Planform Controlled (DF)","Asotin","SF_01",636,6,409.311591854,"PC","mod","good","good"
"Confined Occasional Floodplain Pockets","Asotin","GC_06",637,5,668.376386373,"CV","good","intact","good"
"PC Wandering Gravel Bed","Asotin","GC_01",638,8,940.078462782,"WA","poor","poor","poor"
"PC Planform Controlled (DF)","Asotin","GC_03",639,5,125.585424657,"PC","mod","good","good"
"PC Planform Controlled (DF)","Asotin","AC_09",640,12,67.4222681897,"PC","mod","good","good"
"Bedrock Canyon","Asotin","AC_06",641,12,9.72670270926,"CV","mod","mod","mod"
"PC Wandering Gravel Bed","Asotin","GC_01",642,8,19.0009313633,"WA","poor","poor","poor"
"PC Wandering Gravel Bed","Asotin","GC_01",643,8,14.4500670568,"WA","poor","poor","poor"
"PC Wandering Gravel Bed","Asotin","PC_01",644,8,1.25080129792,"WA","poor","poor","poor"
"PC Wandering Gravel Bed","Asotin","GC_01",645,8,317.18727878,"WA","poor","poor","poor"
"Confined Occasional Floodplain Pockets","Alpowa","AP_07",646,5,10.5553985069,"CV","mod","good","good"
"Confined Occasional Floodplain Pockets","Alpowa","AP_07",647,5,15.9777923378,"CV","mod","good","good"
"PC Planform Controlled (DF)","Alpowa","PW_01",648,2,2460.2141351,"PC","poor","poor","poor"
"PC Planform Controlled (DF)","Asotin","NF_06",649,4,3206.11652863,"PC","good","intact","good"
"PC Planform Controlled (DF)","Asotin","NF_08",650,4,5780.56651029,"PC","good","intact","good"
"PC Planform Controlled (DF)","Asotin","NF_07",651,3,3196.8174951,"PC","good","intact","good"
"Confined Occasional Floodplain Pockets","Asotin","SF_05",652,4,3310.11132802,"CV","good","intact","good"
"Confined Occasional Floodplain Pockets","Couse Creek","CO_04",653,3,3605.07968165,"CV","good","intact","good"
"Confined Occasional Floodplain Pockets","Couse Creek","CO_07",654,2,3543.90001806,"CV","mod","good","good"
"Confined Occasional Floodplain Pockets","Asotin","LC_02",655,3,1888.51046665,"CV","poor","mod","mod"
"Confined Steep Headwater","Asotin","LC_03",656,3,2438.77255794,"CV","mod","good","good"
"Confined Occasional Floodplain Pockets","Asotin","CC_05",657,4,5448.2107519,"CV","good","intact","good"
"Confined Occasional Floodplain Pockets","Alpowa","ST_01",658,2,3266.77601848,"CV","mod","mod","mod"
"Confined Occasional Floodplain Pockets","Alpowa","AP_07",659,2,3142.793491,"CV","mod","good","good"
"Confined Occasional Floodplain Pockets","Alpowa","AP_07",660,2,1420.96172828,"CV","mod","good","good"
"Confined Occasional Floodplain Pockets","Tenmile Creek","TM_05",661,4,4412.51334604,"CV","good","intact","good"
"PC Wandering Gravel Bed","Asotin","PC_01",662,5,353.966070395,"WA","poor","poor","poor"
