"SiteName","Watershed","visit","Gradient","LWfreq","Braid","Sinuosity","bfw","bfd","Q","cover","Ucut","D50","Bldr","Cbl","Gvl","Sndf","Planform","Threads","Bedform","Substrate","Confinement","RS_name","Geo_Cond","LONG_DD","LAT_DD","RS","Condition","RScond"
"LRB_66576","Region 17",3415,1.893,NA,1,1.052,12.5,NA,0.77,NA,NA,176,NA,NA,NA,NA,"Straight","Single","Plane-Bed","cobble-gravel","PCV","fan controlled partly confined",NA,NA,NA,"FC","poor","FCpoor"
"CBW05583-241618","South Fork Salmon",2060,1,15.025,1,1.08,18.675,0.715,1.45,10.66,0.45,102,29.745,33.37,30.46,5.06,"Sinuous","Single","Plane-Bed","boulder-cobble-sand","PCV","pcv_margin_controlled_cobble_bed","moderate",590019,5013154,"FC","poor","FCpoor"
"CBW05583-315823","Lemhi",1587,1,17.70494503,1,1.09,14.1,0.4,0.75,18.88,2.26,113,16.75,35.5,37.23,6.84,"Sinuous","Single","Plane-Bed","boulder-cobble-gravel","PCV","PCV_LowSin_PlanControlled_DFP","poor",NA,NA,"FC","poor","FCpoor"
"dsgn4-000092","Upper Grande Ronde",2141,1,13.45595049,1,1.06,6.495,0.23,0.00978,20.935,0.53,48,10.87,29.1,37.625,7.135,"Straight","Single","Plane-Bed","cobble-gravel","PCV","pcv_marginControlled_gravel_bed","good",NA,NA,"FC","poor","FCpoor"
"dsgn4-000277","Upper Grande Ronde",2028,1,7.41147406,1,1.05,15.87,0.41,0.6,6.35,0.23,68,9.42,34.56,39.36,12.3,"Sinuous","Single","Plane-Bed","cobble-gravel ","PCV","pcv_margin_controlled_dfp","moderate",NA,NA,"FC","poor","FCpoor"
"JDW00001-Upper Owens D","John Day",3637,1,1.049418219,1,1.07,3.695,0.245,0.105,22.52,NA,33.5,4.045,24.495,44.405,22.925,"Sinuous","Single","Plane-Bed","cobble-gravel-sand","PCV","pcv_planControlled_dfp","",724062,4940246,"FC","poor","FCpoor"
"CBW05583-189938","John Day",1164,2,17.05653021,1,1.09,6.12,0.22,0.08,11.1,1.9,63,5.42,42.43,37.61,4.8,"Sinuous","Single","Plane-Bed","cobble-gravel","CV","confined valley w/ occasional floodpockets",NA,NA,NA,"FC","poor","FCpoor"
"ENT00001-1G16","Entiat",2499,1,13.42765442,1,1.04,23.65,0.835,3.41,5.78,0.57,131.5,49.615,29.735,9.88,12.375,"Sinuous","Single","Plane-Bed","boulder-cobble","CV","cv_coarse_plane_bed","moderate",696496,5294233,"FC","poor","FCpoor"
"MNM00001-000444","Minam",2153,1,4.43,1,1.08,22.65,0.72,2.4,10.63,NA,175,22.12,56.1,15.06,6.32,"Sinuous","Single","Plane-Bed","boulder-cobble","CV","cv_occ_fpp","intact",458174,5012856,"FC","poor","FCpoor"
"YFI00001-000595","Yankee Fork",4182,1,6.49,1,1.04,14.21,0.66,0.63,10.8,NA,81,24.57,23.1,28.08,12.32,"Straight","Single","Plane-Bed","boulder-cobble-gravel","CV","cv-margin-controlled cobble bed",NA,NA,NA,"FC","poor","FCpoor"
"CBW05583-030730","John Day",806,2,13.39237865,1,1.045,6.52,0.265,0.015,23.365,NA,79.5,9.78,32.89,43.215,10.505,"Straight","Single","Pool-Riffle","cobble-gravel","PCV","low sinuosity margin-controlled gravel bed","good",352245,4942696,"FC","moderate","FCmoderate"
"LRB_66576","Region 17",3415,1.893,NA,1,1.052,12.5,NA,0.77,NA,NA,176,NA,NA,NA,NA,"Straight","Single","Plane-Bed","cobble-gravel","PCV","fan controlled partly confined",NA,NA,NA,"FC","moderate","FCmoderate"
"CBW05583-241618","South Fork Salmon",2060,1,15.025,1,1.08,18.675,0.715,1.45,10.66,0.45,102,29.745,33.37,30.46,5.06,"Sinuous","Single","Plane-Bed","boulder-cobble-sand","PCV","pcv_margin_controlled_cobble_bed","moderate",590019,5013154,"FC","moderate","FCmoderate"
"CBW05583-315823","Lemhi",1587,1,17.70494503,1,1.09,14.1,0.4,0.75,18.88,2.26,113,16.75,35.5,37.23,6.84,"Sinuous","Single","Plane-Bed","boulder-cobble-gravel","PCV","PCV_LowSin_PlanControlled_DFP","poor",NA,NA,"FC","moderate","FCmoderate"
"CBW05583-423282","John Day",2435,1,4.13,1,1.28,6.39,0.26,0.03,32.86,NA,42,4.92,18.33,62.26,12.58,"Sinuous","Single","Plane-Bed","gravel","PCV","pcv_margin_controlled_dfp","good",312414,4905337,"FC","moderate","FCmoderate"
"dsgn4-000092","Upper Grande Ronde",2141,1,13.45595049,1,1.06,6.495,0.23,0.00978,20.935,0.53,48,10.87,29.1,37.625,7.135,"Straight","Single","Plane-Bed","cobble-gravel","PCV","pcv_marginControlled_gravel_bed","good",NA,NA,"FC","moderate","FCmoderate"
"dsgn4-000277","Upper Grande Ronde",2028,1,7.41147406,1,1.05,15.87,0.41,0.6,6.35,0.23,68,9.42,34.56,39.36,12.3,"Sinuous","Single","Plane-Bed","cobble-gravel ","PCV","pcv_margin_controlled_dfp","moderate",NA,NA,"FC","moderate","FCmoderate"
"JDW00001-Juniper Canyon 3","John Day",2769,1,0.8,1,1.23,3.985,0.275,0.15,13.715,1.53,44,4.115,22.92,57.675,12.14,"Sinuous","Single","Plane-Bed","cobble-gravel ","PCV","pcv_marginControlled_dfp","moderate",721268,4944733,"FC","moderate","FCmoderate"
"JDW00001-Upper Owens D","John Day",3637,1,1.049418219,1,1.07,3.695,0.245,0.105,22.52,NA,33.5,4.045,24.495,44.405,22.925,"Sinuous","Single","Plane-Bed","cobble-gravel-sand","PCV","pcv_planControlled_dfp","",724062,4940246,"FC","moderate","FCmoderate"
"SFT00001-000024","Walla Walla",3464,1,31.20649095,1,1.13,13.95,0.44,0.08,23.9,3.02,69,3.84,18.28,55.7,15.7,"Sinuous","Single","Plane-Bed","gravel","PCV","pcv_lowSin_planControlled_cobble_bed","good",426221,5115963,"FC","moderate","FCmoderate"
"CBW05583-010495","Tucannon",2262,1,33.78034744,1.06,1.21,15.225,0.46,1.88,12.23,3.55,70.5,0.84,39.69,50.38,5.13,"Meandering","Single","Pool-Riffle","cobble-gravel","PCV","PC Low-Mod Sinuosity Wandering Gravel/Cobble Bed","moderate",NA,NA,"FC","moderate","FCmoderate"
"CBW05583-080335","Lemhi",1027,1,0.98,1,1.09,8.87,0.35,0.66,15.575,7.05,48,2.055,38.59,42.325,14.82,"Sinuous","Single","Pool-Riffle","cobble-gravel","PCV","pcv_lowSin_planControlled_dfp","good",NA,NA,"FC","moderate","FCmoderate"
"JDW00001-Mazama A","John Day",2790,1,NA,1,1.24,4.32,0.3,0.275,21.06,NA,34,6.86,22.64,38.13,27.98,"Sinuous","Single","Pool-Riffle","cobble-gravel-sand","PCV","pcv_fanControlled_dfp","",720257,4946012,"FC","moderate","FCmoderate"
"CBW05583-141995","Entiat",3983,2,52.39,1,1.07,13.92,0.55,1.13,32.89,2.49,113,30.17,37.1,23.81,8.49,"Sinuous","Single","Plane-Bed","boulder-cobble-gravel","CV","cv_occ_fpp","intact",687555,5297482,"FC","moderate","FCmoderate"
"CBW05583-189938","John Day",1164,2,17.05653021,1,1.09,6.12,0.22,0.08,11.1,1.9,63,5.42,42.43,37.61,4.8,"Sinuous","Single","Plane-Bed","cobble-gravel","CV","confined valley w/ occasional floodpockets",NA,NA,NA,"FC","moderate","FCmoderate"
"WC503432-000029","Wenatchee",2338,2,21.5,1,1.1,4.49,0.3,0.05,21.84,2.42,24,17.21,21.6,32.21,28.85,"Sinuous","Single","Pool-Riffle","cobble-gravel-sand","CV","cv_occ_fpp","poor",680750,5251198,"FC","moderate","FCmoderate"
"CBW05583-502443","Entiat",895,1.5,54.95147306,1,1.105,13.945,0.545,1.685,14.725,3.82,120,26.485,35.295,22.885,10.645,"Sinuous","Single","Pool-Riffle","boulder-cobble-gravel","CV","cv_occ_fpp","intact",690215,5296362,"FC","moderate","FCmoderate"
"MNM00001-000444","Minam",2153,1,4.43,1,1.08,22.65,0.72,2.4,10.63,NA,175,22.12,56.1,15.06,6.32,"Sinuous","Single","Plane-Bed","boulder-cobble","CV","cv_occ_fpp","intact",458174,5012856,"FC","moderate","FCmoderate"
"ORW03446-084462","Upper Grande Ronde",1602,1,15.57,1.13,1.27,20.13,0.57,1.64,5.06,2.5,78,8.25,42.75,42.19,4.83,"Sinuous","Single","Plane-Bed","cobble-gravel ","CV","cv_gravel_bed","moderate",NA,NA,"FC","moderate","FCmoderate"
"CBW05583-010495","Tucannon",2262,1,33.78034744,1.06,1.21,15.225,0.46,1.88,12.23,3.55,70.5,0.84,39.69,50.38,5.13,"Meandering","Single","Pool-Riffle","cobble-gravel","PCV","PC Low-Mod Sinuosity Wandering Gravel/Cobble Bed","moderate",NA,NA,"FC","good","FCgood"
"JDW00001-Mazama A","John Day",2790,1,NA,1,1.24,4.32,0.3,0.275,21.06,NA,34,6.86,22.64,38.13,27.98,"Sinuous","Single","Pool-Riffle","cobble-gravel-sand","PCV","pcv_fanControlled_dfp","",720257,4946012,"FC","good","FCgood"
"ORW03446-077704","Upper Grande Ronde",664,3,78.56678115,1.185,1.2,5.2,0.22,0.015,32.05,1.81,36.5,6.72,38.99,26.9,8.87,"Wandering","Transitional","Rapid","cobble-gravel","CV","cv_gravel_bed","moderate",NA,NA,"FC","good","FCgood"
"CBW05583-362335","Lemhi",548,2.5,46.9602695,1.1,1.395,4.675,0.305,0.11,33.22,12.39,49,6.695,24.72,52.23,9.805,"Sinuous","Single","Pool-Riffle","cobble-gravel ","CV","cv_occ_fpp","good",NA,NA,"FC","good","FCgood"
"CBW05583-502443","Entiat",895,1.5,54.95147306,1,1.105,13.945,0.545,1.685,14.725,3.82,120,26.485,35.295,22.885,10.645,"Sinuous","Single","Pool-Riffle","boulder-cobble-gravel","CV","cv_occ_fpp","intact",690215,5296362,"FC","good","FCgood"
"ASW00001-NF-F2 P2","Asotin",3949,2,29.48,1,1.17,10.29,0.38,0.57,9.48,4.31,59,8.31,35.47,40.11,10.17,"Sinuous","Single","Plane-Bed","cobble-gravel","UCV","Wandering Gravel Bed",NA,NA,NA,"AF","poor","AFpoor"
"ENT00001-1BC7","Entiat",1783,0.756,0.616617851,1,1.02,30.71,0.75,3.51,4.12,NA,146.5,39.68,26.2,21.95,12.1,"Straight","Single","Plane-Bed","boulder-cobble-gravel","UCV","ucv_lowSin_cobble_bed","moderate",705691,5282743,"AF","poor","AFpoor"
"CBW05583-385561","Methow ",1096,0.604,1.856244019,1,1.165,39.14,0.625,1.16,5.395,0.68,62.5,8.625,34.74,47.13,7.265,"Sinuous","Single","Plane-Bed","cobble-gravel","UCV","ucv_lowSin_wandering_cobble_bed","moderate",692538,5385609,"AF","poor","AFpoor"
"LRB_66576","Region 17",3415,1.893,NA,1,1.052,12.5,NA,0.77,NA,NA,176,NA,NA,NA,NA,"Straight","Single","Plane-Bed","cobble-gravel","PCV","fan controlled partly confined",NA,NA,NA,"AF","poor","AFpoor"
"CBW05583-241618","South Fork Salmon",2060,1,15.025,1,1.08,18.675,0.715,1.45,10.66,0.45,102,29.745,33.37,30.46,5.06,"Sinuous","Single","Plane-Bed","boulder-cobble-sand","PCV","pcv_margin_controlled_cobble_bed","moderate",590019,5013154,"AF","poor","AFpoor"
"CBW05583-315823","Lemhi",1587,1,17.70494503,1,1.09,14.1,0.4,0.75,18.88,2.26,113,16.75,35.5,37.23,6.84,"Sinuous","Single","Plane-Bed","boulder-cobble-gravel","PCV","PCV_LowSin_PlanControlled_DFP","poor",NA,NA,"AF","poor","AFpoor"
"dsgn4-000092","Upper Grande Ronde",2141,1,13.45595049,1,1.06,6.495,0.23,0.00978,20.935,0.53,48,10.87,29.1,37.625,7.135,"Straight","Single","Plane-Bed","cobble-gravel","PCV","pcv_marginControlled_gravel_bed","good",NA,NA,"AF","poor","AFpoor"
"dsgn4-000277","Upper Grande Ronde",2028,1,7.41147406,1,1.05,15.87,0.41,0.6,6.35,0.23,68,9.42,34.56,39.36,12.3,"Sinuous","Single","Plane-Bed","cobble-gravel ","PCV","pcv_margin_controlled_dfp","moderate",NA,NA,"AF","poor","AFpoor"
"JDW00001-Upper Owens D","John Day",3637,1,1.049418219,1,1.07,3.695,0.245,0.105,22.52,NA,33.5,4.045,24.495,44.405,22.925,"Sinuous","Single","Plane-Bed","cobble-gravel-sand","PCV","pcv_planControlled_dfp","",724062,4940246,"AF","poor","AFpoor"
"MNM00001-000393","Minam",2898,0.955,6.42,1,1.02,30.12,0.99,2.18,2.03,NA,82,14.85,33.77,27.91,21.42,"Sinuous","Single","Plane-Bed","cobble-gravel-sand","PCV","pcv_marginControlled_dfp","",446727,5029642,"AF","poor","AFpoor"
"ENT00001-1F18","Entiat",1793,0.9165,23.84810611,1,1.03,32.875,0.785,4.47,3.665,0.6,171,38.585,32.085,12.135,9.175,"Sinuous","Single","Plane-Bed","boulder-cobble","PCV","pcv_marginControlled_dfp","moderate",698169,5289815,"AF","poor","AFpoor"
"CBW05583-339839","Tucannon",1486,0.805,5.606050639,1,1.02,12.7,0.475,1.985,11.79,NA,56.5,8.38,33.245,47.26,7.605,"Straight","Single","Plane-Bed","cobble-gravel","PCV","pcv_lowSin_marginControlled_dfp","poor",NA,NA,"AF","poor","AFpoor"
"CBW05583-207602","John Day",665,0.6935,2.47,1,1.005,5.62,0.33,0.275,11.87,NA,59,7.74,36.005,42.445,10.245,"Straight","Single","Plane-Bed","cobble-gravel","PCV","pcv_marginControlled_dfp","poor",379895,4938931,"AF","poor","AFpoor"
"CBW05583-019570","John Day",3528,0.683,0,1,1.06,11.48,0.54,0.45,5.94,NA,79,3.25,36.35,25.13,34.27,"Sinuous","Single","Plane-Bed","cobble-gravel-sand","PCV","pcv_margin_controlled_dfp","good",296771,4915623,"AF","poor","AFpoor"
"OJD03458-000052","John Day",738,0.6315,1.55679705,1,1.085,13.345,0.475,0.24,5.935,1.22,44.5,7.315,37.385,33.88,20.415,"Sinuous","Single","Plane-Bed","cobble-gravel-sand","PCV","pcv_lowSin_marginControlled_cobble_bed","poor",379141,4967126,"AF","poor","AFpoor"
"LEM00002-000004","Lemhi",294,0.607,11.50306748,1,1.03,21.08,0.54,5.87,16.25,NA,78,1.58,40.34,58.67,0,"Straight","Single","Plane-Bed","cobble-gravel","PCV","pcv_marginControlled_gravel_Bed","moderate",NA,NA,"AF","poor","AFpoor"
"CBW05583-036697","Methow ",1521,0.528,6.562002723,1,1.05,33.94,0.76,5.53,2.54,0.29,86,10.72,52.12,25.52,8.72,"Sinuous","Single","Plane-Bed","cobble-gravel","PCV","Low To Moderate Sinuosity Planform-Controlled Discontinuous Floodplain","good",710714,5395006,"AF","poor","AFpoor"
"MNM00001-000229","Minam",2668,0.385,4.28,1,1.1,30.1,0.77,1.9,6.2,0.53,62,7.93,28.19,45.97,15.27,"Sinuous","Single","Plane-Bed","cobble-gravel","PCV","pcv_planControlled_dfp","",449234,5024359,"AF","poor","AFpoor"
"CBW05583-420019","Tucannon",1494,0.366,4.147921253,1,1.01,13.48,0.55,1.8,8.65,1.03,47,0.66,7.96,75.72,14.24,"Straight","Single","Plane-Bed","gravel","PCV","pcv_marginControlled_dfp","poor",NA,NA,"AF","poor","AFpoor"
"ASW00001-NF-F2 P2","Asotin",3949,2,29.48,1,1.17,10.29,0.38,0.57,9.48,4.31,59,8.31,35.47,40.11,10.17,"Sinuous","Single","Plane-Bed","cobble-gravel","UCV","Wandering Gravel Bed",NA,NA,NA,"AF","moderate","AFmoderate"
"CBW05583-038111","Lemhi",3501,0.6635,11.84490313,1.39,1.185,18.555,0.52,0.805,11.225,3.565,48,2.605,28.505,36.11,25.145,"Wandering","Transitional","Plane-Bed","cobble-gravel-sand","UCV","UCV_LowSin_Sand_Bed","moderate",NA,NA,"AF","moderate","AFmoderate"
"LRB_66576","Region 17",3415,1.893,NA,1,1.052,12.5,NA,0.77,NA,NA,176,NA,NA,NA,NA,"Straight","Single","Plane-Bed","cobble-gravel","PCV","fan controlled partly confined",NA,NA,NA,"AF","moderate","AFmoderate"
"CBW05583-214911","Tucannon",4179,1,12.77880714,1.19,1.07,15.26,0.405,1.425,15.05,2.97,70.5,15.93,37.04,28.59,7.33,"Wandering","Transitional","Plane-Bed","cobble-gravel","PCV","PC Low-Mod Sinuosity Wandering Gravel/Cobble Bed","good",NA,NA,"AF","moderate","AFmoderate"
"CBW05583-241618","South Fork Salmon",2060,1,15.025,1,1.08,18.675,0.715,1.45,10.66,0.45,102,29.745,33.37,30.46,5.06,"Sinuous","Single","Plane-Bed","boulder-cobble-sand","PCV","pcv_margin_controlled_cobble_bed","moderate",590019,5013154,"AF","moderate","AFmoderate"
"CBW05583-248063","Tucannon",2265,1,23.29138566,1,1.08,16.72,0.46,1.75,12.95,1.11,63,8.31,41.58,61.14,6.19,"Wandering","Transitional","Plane-Bed","cobble-gravel ","PCV","PC Low-Mod Sinuosity Wandering Gravel/Cobble Bed","moderate",NA,NA,"AF","moderate","AFmoderate"
"CBW05583-315823","Lemhi",1587,1,17.70494503,1,1.09,14.1,0.4,0.75,18.88,2.26,113,16.75,35.5,37.23,6.84,"Sinuous","Single","Plane-Bed","boulder-cobble-gravel","PCV","PCV_LowSin_PlanControlled_DFP","poor",NA,NA,"AF","moderate","AFmoderate"
"dsgn4-000092","Upper Grande Ronde",2141,1,13.45595049,1,1.06,6.495,0.23,0.00978,20.935,0.53,48,10.87,29.1,37.625,7.135,"Straight","Single","Plane-Bed","cobble-gravel","PCV","pcv_marginControlled_gravel_bed","good",NA,NA,"AF","moderate","AFmoderate"
"SFT00001-000024","Walla Walla",3464,1,31.20649095,1,1.13,13.95,0.44,0.08,23.9,3.02,69,3.84,18.28,55.7,15.7,"Sinuous","Single","Plane-Bed","gravel","PCV","pcv_lowSin_planControlled_cobble_bed","good",426221,5115963,"AF","moderate","AFmoderate"
"CBW05583-432587","Tucannon",2696,0.948,15.51,1,1.03,14.8,0.5,1.89,16.12,1.06,47,4,33.19,45.73,8.86,"Straight","Transitional","Plane-Bed","cobble-gravel","PCV","pcv_lowSin_wandering_cobble_bed","poor",NA,NA,"AF","moderate","AFmoderate"
"ENT00001-1F18","Entiat",1793,0.9165,23.84810611,1,1.03,32.875,0.785,4.47,3.665,0.6,171,38.585,32.085,12.135,9.175,"Sinuous","Single","Plane-Bed","boulder-cobble","PCV","pcv_marginControlled_dfp","moderate",698169,5289815,"AF","moderate","AFmoderate"
"LEM00002-000004","Lemhi",294,0.607,11.50306748,1,1.03,21.08,0.54,5.87,16.25,NA,78,1.58,40.34,58.67,0,"Straight","Single","Plane-Bed","cobble-gravel","PCV","pcv_marginControlled_gravel_Bed","moderate",NA,NA,"AF","moderate","AFmoderate"
"ASW00001-NF-F2 P2","Asotin",3949,2,29.48,1,1.17,10.29,0.38,0.57,9.48,4.31,59,8.31,35.47,40.11,10.17,"Sinuous","Single","Plane-Bed","cobble-gravel","UCV","Wandering Gravel Bed",NA,NA,NA,"AF","good","AFgood"
"CBW05583-487322","Upper Grande Ronde",797,1.5,26.65397169,1.155,1.265,8.1,0.23,0.008485,15.825,1.91,54,3.715,43.31,40.695,5.22,"Wandering","Transitional","Pool-Riffle","cobble-gravel ","UCV","ucv_lowSin_gravel_bed","moderate",NA,NA,"AF","good","AFgood"
"CBW05583-108010","Upper Grande Ronde",2014,1,43.91475041,1,1.395,6.505,0.285,0.34,16.955,12.2,26,0.545,25.545,51.755,17.15,"Meandering","Single","Pool-Riffle","cobble-gravel","UCV","ucv_lowSin_gravel_bed","good",NA,NA,"AF","good","AFgood"
"CBW05583-170443","Tucannon",4147,1,81.505,1.72,1.13,25.08,0.57,2.125,40,3.515,51.5,2.03,21.36,34.75,10.52,"Anabranching","Multi","Pool-Riffle","cobble-gravel","UCV","low-moderate sinuosity wandering gravel bed",NA,NA,NA,"AF","good","AFgood"
"YFI00001-001078","Yankee Fork",3146,0.971,21.34,1,1.39,10.3,0.44,0.89,6.39,13.07,47,3.93,42.57,45.35,0.75,"Sinuous","Single","Plane-Bed","cobble-gravel ","UCV","ucv_wandering_gravel_bed","good",NA,NA,"AF","good","AFgood"
"WENMASTER-000195","Wenatchee",2563,0.922,28.16420585,1,1.46,10.09,0.43,0.46,28.7,9.885,52,0,40.69,47.7,9.65,"Meandering","Single","Pool-Riffle","gravel-sand","UCV","ucv_alluvial_fan","good",669782,5308280,"AF","good","AFgood"
"CBW05583-491690","Upper Grande Ronde",3701,0.7285,75.405,1.27,1.25,20.075,0.41,0.945,11.36,2.015,54.5,0.665,31.255,45.095,16.47,"Wandering","Transitional","Pool-Riffle","cobble-gravel ","UCV","ucv_lowSin_gravel_bed","moderate",NA,NA,"AF","good","AFgood"
"CBW05583-452047","Lemhi",1448,0.365,21.3244626,1.11,1.345,14.695,0.35,0.925,19.88,3.24,19,0.45,12.545,62.045,21.385,"Wandering","Transitional","Pool-Riffle","gravel-sand","UCV","UCV_Meandering_Fine_Grained","moderate",NA,NA,"AF","good","AFgood"
"ENT00001-3A5","Entiat",1846,0.205,33.81,1,1.41,35.01,0.81,3.12,5.91,10.415,47,2.335,16.705,49.115,30.615,"Meandering","Single","Pool-Riffle","gravel-sand","UCV","ucv_wandering_planControlled_dfp","moderate",692654,5304562,"AF","good","AFgood"
"LWIN0001-000041","Wenatchee",3275,0.158,24.79,1,1.465,40.58,1.15,1.47,23.885,3.375,24,3.07,5.47,51.865,30.4,"Meandering","Single","Pool-Riffle","gravel-sand","UCV","Moderate to High Sinuosity Gravel-Sand Bed",NA,NA,NA,"AF","good","AFgood"
"CBW05583-095403","Wenatchee",3466,0.104,53.46,1,1.23,46.52,1.21,4.74,19.61,0.3,22,0,2.37,60.62,36.09,"Meandering","Single","Pool-Riffle","gravel-sand","UCV","ucv_meandering_gravel_bed","good",658612,5305627,"AF","good","AFgood"
"SFT00001-000023","Walla Walla",2484,2,31.8954992,1.615,1.18,18.12,0.24,0.215,40.29,4.565,52.5,2.705,20.705,38.23,11.955,"Anabranching","Multi","Plane-Bed","cobble-gravel ","PCV","pcv_lowSin_planControlled_cobble_bed","good",425000,5109453,"AF","good","AFgood"
"LRB_BC3220","Region 17",3413,1.137,NA,1,1.352,6.2,NA,0.15,NA,NA,50,NA,NA,NA,NA,"Meandering","Single","Plane-Bed","cobble-gravel","PCV","PCV_fan-controlled discontinuous floodplain",NA,NA,NA,"AF","good","AFgood"
"SFT00001-000024","Walla Walla",3464,1,31.20649095,1,1.13,13.95,0.44,0.08,23.9,3.02,69,3.84,18.28,55.7,15.7,"Sinuous","Single","Plane-Bed","gravel","PCV","pcv_lowSin_planControlled_cobble_bed","good",426221,5115963,"AF","good","AFgood"
"CBW05583-010495","Tucannon",2262,1,33.78034744,1.06,1.21,15.225,0.46,1.88,12.23,3.55,70.5,0.84,39.69,50.38,5.13,"Meandering","Single","Pool-Riffle","cobble-gravel","PCV","PC Low-Mod Sinuosity Wandering Gravel/Cobble Bed","moderate",NA,NA,"AF","good","AFgood"
"JDW00001-Mazama A","John Day",2790,1,NA,1,1.24,4.32,0.3,0.275,21.06,NA,34,6.86,22.64,38.13,27.98,"Sinuous","Single","Pool-Riffle","cobble-gravel-sand","PCV","pcv_fanControlled_dfp","",720257,4946012,"AF","good","AFgood"
"CBW05583-055979","Entiat",3979,0.774,156.09,1.93,1.16,45.55,0.7,5.66,28.62,6.05,97,10.25,43.95,31.5,6.69,"Anabranching","Multi","Pool-Riffle","cobble-gravel","PCV","Low to Moderate Sinuosity Planform-Controlled Discontinuous Floodplain","good",684190,5314041,"AF","good","AFgood"
"ENT00001-1BC1","Entiat",2447,0.524,56.135,1.93,1.18,34.995,0.64,4.42,14.915,4.87,94,13.48,35.55,34.25,17.655,"Anabranching","Multi","Pool-Riffle","cobble-gravel ","PCV","pcv_margin_controlled_wandering_cobble_bed","poor",707421,5282609,"AF","good","AFgood"
"ENT00001-1BC7","Entiat",1783,0.756,0.616617851,1,1.02,30.71,0.75,3.51,4.12,NA,146.5,39.68,26.2,21.95,12.1,"Straight","Single","Plane-Bed","boulder-cobble-gravel","UCV","ucv_lowSin_cobble_bed","moderate",705691,5282743,"PC","poor","PCpoor"
"LRB_66576","Region 17",3415,1.893,NA,1,1.052,12.5,NA,0.77,NA,NA,176,NA,NA,NA,NA,"Straight","Single","Plane-Bed","cobble-gravel","PCV","fan controlled partly confined",NA,NA,NA,"PC","poor","PCpoor"
"CBW05583-241618","South Fork Salmon",2060,1,15.025,1,1.08,18.675,0.715,1.45,10.66,0.45,102,29.745,33.37,30.46,5.06,"Sinuous","Single","Plane-Bed","boulder-cobble-sand","PCV","pcv_margin_controlled_cobble_bed","moderate",590019,5013154,"PC","poor","PCpoor"
"CBW05583-315823","Lemhi",1587,1,17.70494503,1,1.09,14.1,0.4,0.75,18.88,2.26,113,16.75,35.5,37.23,6.84,"Sinuous","Single","Plane-Bed","boulder-cobble-gravel","PCV","PCV_LowSin_PlanControlled_DFP","poor",NA,NA,"PC","poor","PCpoor"
"dsgn4-000092","Upper Grande Ronde",2141,1,13.45595049,1,1.06,6.495,0.23,0.00978,20.935,0.53,48,10.87,29.1,37.625,7.135,"Straight","Single","Plane-Bed","cobble-gravel","PCV","pcv_marginControlled_gravel_bed","good",NA,NA,"PC","poor","PCpoor"
"dsgn4-000277","Upper Grande Ronde",2028,1,7.41147406,1,1.05,15.87,0.41,0.6,6.35,0.23,68,9.42,34.56,39.36,12.3,"Sinuous","Single","Plane-Bed","cobble-gravel ","PCV","pcv_margin_controlled_dfp","moderate",NA,NA,"PC","poor","PCpoor"
"JDW00001-Upper Owens D","John Day",3637,1,1.049418219,1,1.07,3.695,0.245,0.105,22.52,NA,33.5,4.045,24.495,44.405,22.925,"Sinuous","Single","Plane-Bed","cobble-gravel-sand","PCV","pcv_planControlled_dfp","",724062,4940246,"PC","poor","PCpoor"
"MNM00001-000393","Minam",2898,0.955,6.42,1,1.02,30.12,0.99,2.18,2.03,NA,82,14.85,33.77,27.91,21.42,"Sinuous","Single","Plane-Bed","cobble-gravel-sand","PCV","pcv_marginControlled_dfp","",446727,5029642,"PC","poor","PCpoor"
"ENT00001-1F18","Entiat",1793,0.9165,23.84810611,1,1.03,32.875,0.785,4.47,3.665,0.6,171,38.585,32.085,12.135,9.175,"Sinuous","Single","Plane-Bed","boulder-cobble","PCV","pcv_marginControlled_dfp","moderate",698169,5289815,"PC","poor","PCpoor"
"CBW05583-339839","Tucannon",1486,0.805,5.606050639,1,1.02,12.7,0.475,1.985,11.79,NA,56.5,8.38,33.245,47.26,7.605,"Straight","Single","Plane-Bed","cobble-gravel","PCV","pcv_lowSin_marginControlled_dfp","poor",NA,NA,"PC","poor","PCpoor"
"CBW05583-207602","John Day",665,0.6935,2.47,1,1.005,5.62,0.33,0.275,11.87,NA,59,7.74,36.005,42.445,10.245,"Straight","Single","Plane-Bed","cobble-gravel","PCV","pcv_marginControlled_dfp","poor",379895,4938931,"PC","poor","PCpoor"
"CBW05583-019570","John Day",3528,0.683,0,1,1.06,11.48,0.54,0.45,5.94,NA,79,3.25,36.35,25.13,34.27,"Sinuous","Single","Plane-Bed","cobble-gravel-sand","PCV","pcv_margin_controlled_dfp","good",296771,4915623,"PC","poor","PCpoor"
"OJD03458-000052","John Day",738,0.6315,1.55679705,1,1.085,13.345,0.475,0.24,5.935,1.22,44.5,7.315,37.385,33.88,20.415,"Sinuous","Single","Plane-Bed","cobble-gravel-sand","PCV","pcv_lowSin_marginControlled_cobble_bed","poor",379141,4967126,"PC","poor","PCpoor"
"LEM00002-000004","Lemhi",294,0.607,11.50306748,1,1.03,21.08,0.54,5.87,16.25,NA,78,1.58,40.34,58.67,0,"Straight","Single","Plane-Bed","cobble-gravel","PCV","pcv_marginControlled_gravel_Bed","moderate",NA,NA,"PC","poor","PCpoor"
"CBW05583-036697","Methow ",1521,0.528,6.562002723,1,1.05,33.94,0.76,5.53,2.54,0.29,86,10.72,52.12,25.52,8.72,"Sinuous","Single","Plane-Bed","cobble-gravel","PCV","Low To Moderate Sinuosity Planform-Controlled Discontinuous Floodplain","good",710714,5395006,"PC","poor","PCpoor"
"CBW05583-420019","Tucannon",1494,0.366,4.147921253,1,1.01,13.48,0.55,1.8,8.65,1.03,47,0.66,7.96,75.72,14.24,"Straight","Single","Plane-Bed","gravel","PCV","pcv_marginControlled_dfp","poor",NA,NA,"PC","poor","PCpoor"
"ASW00001-NF-F2 P2","Asotin",3949,2,29.48,1,1.17,10.29,0.38,0.57,9.48,4.31,59,8.31,35.47,40.11,10.17,"Sinuous","Single","Plane-Bed","cobble-gravel","UCV","Wandering Gravel Bed",NA,NA,NA,"PC","mod","PCmod"
"CBW05583-487322","Upper Grande Ronde",797,1.5,26.65397169,1.155,1.265,8.1,0.23,0.008485,15.825,1.91,54,3.715,43.31,40.695,5.22,"Wandering","Transitional","Pool-Riffle","cobble-gravel ","UCV","ucv_lowSin_gravel_bed","moderate",NA,NA,"PC","mod","PCmod"
"CBW05583-108010","Upper Grande Ronde",2014,1,43.91475041,1,1.395,6.505,0.285,0.34,16.955,12.2,26,0.545,25.545,51.755,17.15,"Meandering","Single","Pool-Riffle","cobble-gravel","UCV","ucv_lowSin_gravel_bed","good",NA,NA,"PC","mod","PCmod"
"YFI00001-001078","Yankee Fork",3146,0.971,21.34,1,1.39,10.3,0.44,0.89,6.39,13.07,47,3.93,42.57,45.35,0.75,"Sinuous","Single","Plane-Bed","cobble-gravel ","UCV","ucv_wandering_gravel_bed","good",NA,NA,"PC","mod","PCmod"
"WENMASTER-000195","Wenatchee",2563,0.922,28.16420585,1,1.46,10.09,0.43,0.46,28.7,9.885,52,0,40.69,47.7,9.65,"Meandering","Single","Pool-Riffle","gravel-sand","UCV","ucv_alluvial_fan","good",669782,5308280,"PC","mod","PCmod"
"CBW05583-038111","Lemhi",3501,0.6635,11.84490313,1.39,1.185,18.555,0.52,0.805,11.225,3.565,48,2.605,28.505,36.11,25.145,"Wandering","Transitional","Plane-Bed","cobble-gravel-sand","UCV","UCV_LowSin_Sand_Bed","moderate",NA,NA,"PC","mod","PCmod"
"CBW05583-452047","Lemhi",1448,0.365,21.3244626,1.11,1.345,14.695,0.35,0.925,19.88,3.24,19,0.45,12.545,62.045,21.385,"Wandering","Transitional","Pool-Riffle","gravel-sand","UCV","UCV_Meandering_Fine_Grained","moderate",NA,NA,"PC","mod","PCmod"
"ENT201301-Tyee Side","Entiat",2441,0.318,16.31,1.61,1.15,11.14,0.27,0.00992,24.82,1.38,31,0.16,7.82,43.27,41.3,"Wandering","Transitional","Pool-Riffle","gravel-sand","UCV","ucv_wandering_gravel_bed","",692633,5304962,"PC","mod","PCmod"
"ENT00001-3A5","Entiat",1846,0.205,33.81,1,1.41,35.01,0.81,3.12,5.91,10.415,47,2.335,16.705,49.115,30.615,"Meandering","Single","Pool-Riffle","gravel-sand","UCV","ucv_wandering_planControlled_dfp","moderate",692654,5304562,"PC","mod","PCmod"
"LWIN0001-000041","Wenatchee",3275,0.158,24.79,1,1.465,40.58,1.15,1.47,23.885,3.375,24,3.07,5.47,51.865,30.4,"Meandering","Single","Pool-Riffle","gravel-sand","UCV","Moderate to High Sinuosity Gravel-Sand Bed",NA,NA,NA,"PC","mod","PCmod"
"CBW05583-095403","Wenatchee",3466,0.104,53.46,1,1.23,46.52,1.21,4.74,19.61,0.3,22,0,2.37,60.62,36.09,"Meandering","Single","Pool-Riffle","gravel-sand","UCV","ucv_meandering_gravel_bed","good",658612,5305627,"PC","mod","PCmod"
"LRB_BC3220","Region 17",3413,1.137,NA,1,1.352,6.2,NA,0.15,NA,NA,50,NA,NA,NA,NA,"Meandering","Single","Plane-Bed","cobble-gravel","PCV","PCV_fan-controlled discontinuous floodplain",NA,NA,NA,"PC","mod","PCmod"
"SFT00001-000024","Walla Walla",3464,1,31.20649095,1,1.13,13.95,0.44,0.08,23.9,3.02,69,3.84,18.28,55.7,15.7,"Sinuous","Single","Plane-Bed","gravel","PCV","pcv_lowSin_planControlled_cobble_bed","good",426221,5115963,"PC","mod","PCmod"
"CBW05583-010495","Tucannon",2262,1,33.78034744,1.06,1.21,15.225,0.46,1.88,12.23,3.55,70.5,0.84,39.69,50.38,5.13,"Meandering","Single","Pool-Riffle","cobble-gravel","PCV","PC Low-Mod Sinuosity Wandering Gravel/Cobble Bed","moderate",NA,NA,"PC","mod","PCmod"
"JDW00001-Mazama A","John Day",2790,1,NA,1,1.24,4.32,0.3,0.275,21.06,NA,34,6.86,22.64,38.13,27.98,"Sinuous","Single","Pool-Riffle","cobble-gravel-sand","PCV","pcv_fanControlled_dfp","",720257,4946012,"PC","mod","PCmod"
"CBW05583-235322","Upper Grande Ronde",2019,0.8,13.097752,1.4,1.24,15.04,0.4,0.68,12.64,7.01,55,5.28,29.72,39.44,10.86,"Wandering","Transitional","Pool-Riffle","cobble-gravel ","PCV","pcv_margin_controlled_dfp","good",NA,NA,"PC","mod","PCmod"
"CBW05583-487322","Upper Grande Ronde",797,1.5,26.65397169,1.155,1.265,8.1,0.23,0.008485,15.825,1.91,54,3.715,43.31,40.695,5.22,"Wandering","Transitional","Pool-Riffle","cobble-gravel ","UCV","ucv_lowSin_gravel_bed","moderate",NA,NA,"PC","good","PCgood"
"CBW05583-108010","Upper Grande Ronde",2014,1,43.91475041,1,1.395,6.505,0.285,0.34,16.955,12.2,26,0.545,25.545,51.755,17.15,"Meandering","Single","Pool-Riffle","cobble-gravel","UCV","ucv_lowSin_gravel_bed","good",NA,NA,"PC","good","PCgood"
"CBW05583-170443","Tucannon",4147,1,81.505,1.72,1.13,25.08,0.57,2.125,40,3.515,51.5,2.03,21.36,34.75,10.52,"Anabranching","Multi","Pool-Riffle","cobble-gravel","UCV","low-moderate sinuosity wandering gravel bed",NA,NA,NA,"PC","good","PCgood"
"WENMASTER-000195","Wenatchee",2563,0.922,28.16420585,1,1.46,10.09,0.43,0.46,28.7,9.885,52,0,40.69,47.7,9.65,"Meandering","Single","Pool-Riffle","gravel-sand","UCV","ucv_alluvial_fan","good",669782,5308280,"PC","good","PCgood"
"CBW05583-491690","Upper Grande Ronde",3701,0.7285,75.405,1.27,1.25,20.075,0.41,0.945,11.36,2.015,54.5,0.665,31.255,45.095,16.47,"Wandering","Transitional","Pool-Riffle","cobble-gravel ","UCV","ucv_lowSin_gravel_bed","moderate",NA,NA,"PC","good","PCgood"
"CBW05583-452047","Lemhi",1448,0.365,21.3244626,1.11,1.345,14.695,0.35,0.925,19.88,3.24,19,0.45,12.545,62.045,21.385,"Wandering","Transitional","Pool-Riffle","gravel-sand","UCV","UCV_Meandering_Fine_Grained","moderate",NA,NA,"PC","good","PCgood"
"ENT00001-3A5","Entiat",1846,0.205,33.81,1,1.41,35.01,0.81,3.12,5.91,10.415,47,2.335,16.705,49.115,30.615,"Meandering","Single","Pool-Riffle","gravel-sand","UCV","ucv_wandering_planControlled_dfp","moderate",692654,5304562,"PC","good","PCgood"
"LWIN0001-000041","Wenatchee",3275,0.158,24.79,1,1.465,40.58,1.15,1.47,23.885,3.375,24,3.07,5.47,51.865,30.4,"Meandering","Single","Pool-Riffle","gravel-sand","UCV","Moderate to High Sinuosity Gravel-Sand Bed",NA,NA,NA,"PC","good","PCgood"
"CBW05583-095403","Wenatchee",3466,0.104,53.46,1,1.23,46.52,1.21,4.74,19.61,0.3,22,0,2.37,60.62,36.09,"Meandering","Single","Pool-Riffle","gravel-sand","UCV","ucv_meandering_gravel_bed","good",658612,5305627,"PC","good","PCgood"
"CBW05583-010495","Tucannon",2262,1,33.78034744,1.06,1.21,15.225,0.46,1.88,12.23,3.55,70.5,0.84,39.69,50.38,5.13,"Meandering","Single","Pool-Riffle","cobble-gravel","PCV","PC Low-Mod Sinuosity Wandering Gravel/Cobble Bed","moderate",NA,NA,"PC","good","PCgood"
"JDW00001-Mazama A","John Day",2790,1,NA,1,1.24,4.32,0.3,0.275,21.06,NA,34,6.86,22.64,38.13,27.98,"Sinuous","Single","Pool-Riffle","cobble-gravel-sand","PCV","pcv_fanControlled_dfp","",720257,4946012,"PC","good","PCgood"
"CBW05583-055979","Entiat",3979,0.774,156.09,1.93,1.16,45.55,0.7,5.66,28.62,6.05,97,10.25,43.95,31.5,6.69,"Anabranching","Multi","Pool-Riffle","cobble-gravel","PCV","Low to Moderate Sinuosity Planform-Controlled Discontinuous Floodplain","good",684190,5314041,"PC","good","PCgood"
"ENT00001-1BC1","Entiat",2447,0.524,56.135,1.93,1.18,34.995,0.64,4.42,14.915,4.87,94,13.48,35.55,34.25,17.655,"Anabranching","Multi","Pool-Riffle","cobble-gravel ","PCV","pcv_margin_controlled_wandering_cobble_bed","poor",707421,5282609,"PC","good","PCgood"
"ENT00001-1BC7","Entiat",1783,0.756,0.616617851,1,1.02,30.71,0.75,3.51,4.12,NA,146.5,39.68,26.2,21.95,12.1,"Straight","Single","Plane-Bed","boulder-cobble-gravel","UCV","ucv_lowSin_cobble_bed","moderate",705691,5282743,"WA","poor","WApoor"
"CBW05583-385561","Methow ",1096,0.604,1.856244019,1,1.165,39.14,0.625,1.16,5.395,0.68,62.5,8.625,34.74,47.13,7.265,"Sinuous","Single","Plane-Bed","cobble-gravel","UCV","ucv_lowSin_wandering_cobble_bed","moderate",692538,5385609,"WA","poor","WApoor"
"LRB_66576","Region 17",3415,1.893,NA,1,1.052,12.5,NA,0.77,NA,NA,176,NA,NA,NA,NA,"Straight","Single","Plane-Bed","cobble-gravel","PCV","fan controlled partly confined",NA,NA,NA,"WA","poor","WApoor"
"CBW05583-241618","South Fork Salmon",2060,1,15.025,1,1.08,18.675,0.715,1.45,10.66,0.45,102,29.745,33.37,30.46,5.06,"Sinuous","Single","Plane-Bed","boulder-cobble-sand","PCV","pcv_margin_controlled_cobble_bed","moderate",590019,5013154,"WA","poor","WApoor"
"CBW05583-315823","Lemhi",1587,1,17.70494503,1,1.09,14.1,0.4,0.75,18.88,2.26,113,16.75,35.5,37.23,6.84,"Sinuous","Single","Plane-Bed","boulder-cobble-gravel","PCV","PCV_LowSin_PlanControlled_DFP","poor",NA,NA,"WA","poor","WApoor"
"dsgn4-000092","Upper Grande Ronde",2141,1,13.45595049,1,1.06,6.495,0.23,0.00978,20.935,0.53,48,10.87,29.1,37.625,7.135,"Straight","Single","Plane-Bed","cobble-gravel","PCV","pcv_marginControlled_gravel_bed","good",NA,NA,"WA","poor","WApoor"
"dsgn4-000277","Upper Grande Ronde",2028,1,7.41147406,1,1.05,15.87,0.41,0.6,6.35,0.23,68,9.42,34.56,39.36,12.3,"Sinuous","Single","Plane-Bed","cobble-gravel ","PCV","pcv_margin_controlled_dfp","moderate",NA,NA,"WA","poor","WApoor"
"JDW00001-Upper Owens D","John Day",3637,1,1.049418219,1,1.07,3.695,0.245,0.105,22.52,NA,33.5,4.045,24.495,44.405,22.925,"Sinuous","Single","Plane-Bed","cobble-gravel-sand","PCV","pcv_planControlled_dfp","",724062,4940246,"WA","poor","WApoor"
"MNM00001-000393","Minam",2898,0.955,6.42,1,1.02,30.12,0.99,2.18,2.03,NA,82,14.85,33.77,27.91,21.42,"Sinuous","Single","Plane-Bed","cobble-gravel-sand","PCV","pcv_marginControlled_dfp","",446727,5029642,"WA","poor","WApoor"
"ENT00001-1F18","Entiat",1793,0.9165,23.84810611,1,1.03,32.875,0.785,4.47,3.665,0.6,171,38.585,32.085,12.135,9.175,"Sinuous","Single","Plane-Bed","boulder-cobble","PCV","pcv_marginControlled_dfp","moderate",698169,5289815,"WA","poor","WApoor"
"CBW05583-339839","Tucannon",1486,0.805,5.606050639,1,1.02,12.7,0.475,1.985,11.79,NA,56.5,8.38,33.245,47.26,7.605,"Straight","Single","Plane-Bed","cobble-gravel","PCV","pcv_lowSin_marginControlled_dfp","poor",NA,NA,"WA","poor","WApoor"
"CBW05583-207602","John Day",665,0.6935,2.47,1,1.005,5.62,0.33,0.275,11.87,NA,59,7.74,36.005,42.445,10.245,"Straight","Single","Plane-Bed","cobble-gravel","PCV","pcv_marginControlled_dfp","poor",379895,4938931,"WA","poor","WApoor"
"CBW05583-019570","John Day",3528,0.683,0,1,1.06,11.48,0.54,0.45,5.94,NA,79,3.25,36.35,25.13,34.27,"Sinuous","Single","Plane-Bed","cobble-gravel-sand","PCV","pcv_margin_controlled_dfp","good",296771,4915623,"WA","poor","WApoor"
"OJD03458-000052","John Day",738,0.6315,1.55679705,1,1.085,13.345,0.475,0.24,5.935,1.22,44.5,7.315,37.385,33.88,20.415,"Sinuous","Single","Plane-Bed","cobble-gravel-sand","PCV","pcv_lowSin_marginControlled_cobble_bed","poor",379141,4967126,"WA","poor","WApoor"
"LEM00002-000004","Lemhi",294,0.607,11.50306748,1,1.03,21.08,0.54,5.87,16.25,NA,78,1.58,40.34,58.67,0,"Straight","Single","Plane-Bed","cobble-gravel","PCV","pcv_marginControlled_gravel_Bed","moderate",NA,NA,"WA","poor","WApoor"
"CBW05583-036697","Methow ",1521,0.528,6.562002723,1,1.05,33.94,0.76,5.53,2.54,0.29,86,10.72,52.12,25.52,8.72,"Sinuous","Single","Plane-Bed","cobble-gravel","PCV","Low To Moderate Sinuosity Planform-Controlled Discontinuous Floodplain","good",710714,5395006,"WA","poor","WApoor"
"MNM00001-000229","Minam",2668,0.385,4.28,1,1.1,30.1,0.77,1.9,6.2,0.53,62,7.93,28.19,45.97,15.27,"Sinuous","Single","Plane-Bed","cobble-gravel","PCV","pcv_planControlled_dfp","",449234,5024359,"WA","poor","WApoor"
"CBW05583-420019","Tucannon",1494,0.366,4.147921253,1,1.01,13.48,0.55,1.8,8.65,1.03,47,0.66,7.96,75.72,14.24,"Straight","Single","Plane-Bed","gravel","PCV","pcv_marginControlled_dfp","poor",NA,NA,"WA","poor","WApoor"
"CBW05583-487322","Upper Grande Ronde",797,1.5,26.65397169,1.155,1.265,8.1,0.23,0.008485,15.825,1.91,54,3.715,43.31,40.695,5.22,"Wandering","Transitional","Pool-Riffle","cobble-gravel ","UCV","ucv_lowSin_gravel_bed","moderate",NA,NA,"WA","mod","WAmod"
"YFI00001-000436","Yankee Fork",2205,1,0.82,1,1.26,4.79,0.26,0.07,7.07,21.33,39,4.77,32.43,57.82,3.38,"Sinuous","Single","Plane-Bed","cobble-gravel","UCV","ucv_anabranching_gravel_bed","good",NA,NA,"WA","mod","WAmod"
"CBW05583-189385","Methow ",2546,0.1985,4.396369641,1,1.22,67.02,1.12,8.14,10.265,NA,67.5,11.035,40.65,36.505,3.925,"Sinuous","Single","Pool-Riffle","cobble-gravel ","UCV","ucv_wandering_cobble-bed ","moderate",716504,5304859,"WA","mod","WAmod"
"CBW05583-095403","Wenatchee",3466,0.104,53.46,1,1.23,46.52,1.21,4.74,19.61,0.3,22,0,2.37,60.62,36.09,"Meandering","Single","Pool-Riffle","gravel-sand","UCV","ucv_meandering_gravel_bed","good",658612,5305627,"WA","mod","WAmod"
"CBW05583-423282","John Day",2435,1,4.13,1,1.28,6.39,0.26,0.03,32.86,NA,42,4.92,18.33,62.26,12.58,"Sinuous","Single","Plane-Bed","gravel","PCV","pcv_margin_controlled_dfp","good",312414,4905337,"WA","mod","WAmod"
"JDW00001-Juniper Canyon 3","John Day",2769,1,0.8,1,1.23,3.985,0.275,0.15,13.715,1.53,44,4.115,22.92,57.675,12.14,"Sinuous","Single","Plane-Bed","cobble-gravel ","PCV","pcv_marginControlled_dfp","moderate",721268,4944733,"WA","mod","WAmod"
"CBW05583-010495","Tucannon",2262,1,33.78034744,1.06,1.21,15.225,0.46,1.88,12.23,3.55,70.5,0.84,39.69,50.38,5.13,"Meandering","Single","Pool-Riffle","cobble-gravel","PCV","PC Low-Mod Sinuosity Wandering Gravel/Cobble Bed","moderate",NA,NA,"WA","mod","WAmod"
"JDW00001-Mazama A","John Day",2790,1,NA,1,1.24,4.32,0.3,0.275,21.06,NA,34,6.86,22.64,38.13,27.98,"Sinuous","Single","Pool-Riffle","cobble-gravel-sand","PCV","pcv_fanControlled_dfp","",720257,4946012,"WA","mod","WAmod"
"CBW05583-235322","Upper Grande Ronde",2019,0.8,13.097752,1.4,1.24,15.04,0.4,0.68,12.64,7.01,55,5.28,29.72,39.44,10.86,"Wandering","Transitional","Pool-Riffle","cobble-gravel ","PCV","pcv_margin_controlled_dfp","good",NA,NA,"WA","mod","WAmod"
"CBW05583-487322","Upper Grande Ronde",797,1.5,26.65397169,1.155,1.265,8.1,0.23,0.008485,15.825,1.91,54,3.715,43.31,40.695,5.22,"Wandering","Transitional","Pool-Riffle","cobble-gravel ","UCV","ucv_lowSin_gravel_bed","moderate",NA,NA,"WA","good","WAgood"
"CBW05583-170443","Tucannon",4147,1,81.505,1.72,1.13,25.08,0.57,2.125,40,3.515,51.5,2.03,21.36,34.75,10.52,"Anabranching","Multi","Pool-Riffle","cobble-gravel","UCV","low-moderate sinuosity wandering gravel bed",NA,NA,NA,"WA","good","WAgood"
"CBW05583-491690","Upper Grande Ronde",3701,0.7285,75.405,1.27,1.25,20.075,0.41,0.945,11.36,2.015,54.5,0.665,31.255,45.095,16.47,"Wandering","Transitional","Pool-Riffle","cobble-gravel ","UCV","ucv_lowSin_gravel_bed","moderate",NA,NA,"WA","good","WAgood"
"CBW05583-452047","Lemhi",1448,0.365,21.3244626,1.11,1.345,14.695,0.35,0.925,19.88,3.24,19,0.45,12.545,62.045,21.385,"Wandering","Transitional","Pool-Riffle","gravel-sand","UCV","UCV_Meandering_Fine_Grained","moderate",NA,NA,"WA","good","WAgood"
"CBW05583-055979","Entiat",3979,0.774,156.09,1.93,1.16,45.55,0.7,5.66,28.62,6.05,97,10.25,43.95,31.5,6.69,"Anabranching","Multi","Pool-Riffle","cobble-gravel","PCV","Low to Moderate Sinuosity Planform-Controlled Discontinuous Floodplain","good",684190,5314041,"WA","good","WAgood"
"ENT00001-1BC1","Entiat",2447,0.524,56.135,1.93,1.18,34.995,0.64,4.42,14.915,4.87,94,13.48,35.55,34.25,17.655,"Anabranching","Multi","Pool-Riffle","cobble-gravel ","PCV","pcv_margin_controlled_wandering_cobble_bed","poor",707421,5282609,"WA","good","WAgood"
"CBW05583-442351","South Fork Salmon",323,5,5.510316537,1,1.04,9.69,0.51,1.4,11.99,NA,150,28.34,38.68,23.93,4.78,"Straight","Single","Rapid","boulder-cobble-gravel","CV","cv_step_cascade","good",619780,4973498,"CV","poor","CVpoor"
"dsgn4-000161","Upper Grande Ronde",2145,5,9.851739025,1,1.06,7.21,0.43,0.25,14.29,1.99,62.5,28.335,26.355,23.975,21.39,"Sinuous","Single","Rapid","boulder-cobble-gravel-sand","CV","cv_boulder_bed","good",NA,NA,"CV","poor","CVpoor"
"PIB00001-2286_3769","Region 17",937,4,10.8656284,1,1.07,4.25,0.19,0.07,15.05,0.66,30,8.01,27.79,43.04,15.75,"Sinuous","Single","Rapid","cobble-gravel","CV","cv_boulder_bed","",504737,4948586,"CV","poor","CVpoor"
"CBW05583-199103","Upper Grande Ronde",85,3,6.600037715,1,1.05,3.63,0.22,0.07,41.92,NA,55,3.29,39.05,37.58,5.83,"Sinuous","Single","Rapid","cobble-gravel","CV","cv_cobble_bed","moderate",NA,NA,"CV","poor","CVpoor"
"CBW05583-503467","Entiat",3991,3,26.25,1,1.05,5.25,0.33,0.2,20.18,NA,43,16.85,33.28,27.73,13.68,"Sinuous","Single","Rapid","cobble-gravel","CV","Confined valley step-cascade",NA,NA,NA,"CV","poor","CVpoor"
"CBW05583-345970","John Day",3161,5,50.39,1,1.09,3.24,0.33,0.01,40.68,8.31,24,4.07,11.86,42.87,24.91,"Sinuous","Single","Rapid","gravel-sand","CV","cv_gravel_bed","good",311310,4908726,"CV","moderate","CVmoderate"
"CBW05583-442351","South Fork Salmon",323,5,5.510316537,1,1.04,9.69,0.51,1.4,11.99,NA,150,28.34,38.68,23.93,4.78,"Straight","Single","Rapid","boulder-cobble-gravel","CV","cv_step_cascade","good",619780,4973498,"CV","moderate","CVmoderate"
"dsgn4-000161","Upper Grande Ronde",2145,5,9.851739025,1,1.06,7.21,0.43,0.25,14.29,1.99,62.5,28.335,26.355,23.975,21.39,"Sinuous","Single","Rapid","boulder-cobble-gravel-sand","CV","cv_boulder_bed","good",NA,NA,"CV","moderate","CVmoderate"
"PIB00001-2286_3769","Region 17",937,4,10.8656284,1,1.07,4.25,0.19,0.07,15.05,0.66,30,8.01,27.79,43.04,15.75,"Sinuous","Single","Rapid","cobble-gravel","CV","cv_boulder_bed","",504737,4948586,"CV","moderate","CVmoderate"
"CBW05583-199103","Upper Grande Ronde",85,3,6.600037715,1,1.05,3.63,0.22,0.07,41.92,NA,55,3.29,39.05,37.58,5.83,"Sinuous","Single","Rapid","cobble-gravel","CV","cv_cobble_bed","moderate",NA,NA,"CV","moderate","CVmoderate"
"CBW05583-503467","Entiat",3991,3,26.25,1,1.05,5.25,0.33,0.2,20.18,NA,43,16.85,33.28,27.73,13.68,"Sinuous","Single","Rapid","cobble-gravel","CV","Confined valley step-cascade",NA,NA,NA,"CV","moderate","CVmoderate"
"CBW05583-345970","John Day",3161,5,50.39,1,1.09,3.24,0.33,0.01,40.68,8.31,24,4.07,11.86,42.87,24.91,"Sinuous","Single","Rapid","gravel-sand","CV","cv_gravel_bed","good",311310,4908726,"CV","good","CVgood"
"OJD03458-000017","John Day",157,4,18.12375939,1.045,1.16,3.1,0.22,0.01,30.99,3.23,36,10.5,21.93,42.27,22.22,"Sinuous","Single","Rapid","cobble-gravel-sand","CV","confined valley w/ occasional floodpockets",NA,NA,NA,"CV","good","CVgood"
"PIB00001-2286_3769","Region 17",937,4,10.8656284,1,1.07,4.25,0.19,0.07,15.05,0.66,30,8.01,27.79,43.04,15.75,"Sinuous","Single","Rapid","cobble-gravel","CV","cv_boulder_bed","",504737,4948586,"CV","good","CVgood"
"CBW05583-503467","Entiat",3991,3,26.25,1,1.05,5.25,0.33,0.2,20.18,NA,43,16.85,33.28,27.73,13.68,"Sinuous","Single","Rapid","cobble-gravel","CV","Confined valley step-cascade",NA,NA,NA,"CV","good","CVgood"
